src_ip,dst_ip,src_port,dst_port,protocol,pkt_count,byte_count,start_time,last_time,duration,label
103.179.92.14,70.43.72.44,31086,26338,UDP,32,2788,1757488951,1715005563,7.461,0
107.71.188.20,228.183.106.83,1955,221,HTTPS,33,1407,1754250094,1713045088,5.849,1
103.121.210.214,82.249.106.184,46920,46995,HTTPS,3,4184,1706971631,1754393766,3.943,1
75.202.87.116,21.195.177.160,58086,63383,UDP,30,1366,1713322772,1733793258,1.791,0
100.103.151.130,219.6.69.126,32754,4819,TCP,12,211,1729978764,1718494570,2.346,1
150.52.1.87,143.209.159.247,15250,56345,UDP,29,1959,1718980104,1725916606,5.797,1
236.157.37.129,203.147.215.142,14885,53776,UDP,3,1177,1727025546,1745844447,4.292,0
192.187.20.160,176.198.148.169,32325,7350,TCP,26,3920,1757035210,1700481809,5.198,0
204.57.21.252,154.235.119.127,49267,5619,TCP,30,1708,1712513349,1726400656,1.79,1
236.88.48.218,142.56.164.57,23790,27465,DNS,9,3175,1719329408,1741816801,6.663,0
59.254.169.219,21.81.68.130,37198,42625,DNS,26,2013,1758856053,1724061606,8.54,1
188.207.14.189,87.217.164.215,64952,56362,TCP,2,2339,1710922181,1752149830,2.654,0
190.174.189.50,49.146.114.88,42131,61331,HTTPS,3,1016,1701724620,1737921641,4.966,1
108.54.243.63,85.127.139.248,51208,37345,HTTPS,46,939,1738724151,1742336821,9.758,0
249.130.228.50,189.168.160.177,18719,60322,UDP,4,3111,1745055774,1747204322,3.399,0
135.20.72.166,117.195.126.233,42371,18256,HTTP,25,3679,1704830165,1755748445,5.991,0
18.131.88.59,249.70.85.246,4145,24300,UDP,13,3239,1706566692,1733105995,0.993,0
14.241.249.8,33.80.151.60,19281,47976,UDP,39,2798,1717135278,1728324386,6.1,0
90.52.129.83,61.97.27.185,29188,1463,HTTP,44,1716,1707248730,1753020938,0.987,0
92.110.187.198,43.168.166.85,26515,54674,TCP,35,3116,1748259953,1733591612,9.596,0
172.252.7.174,177.16.97.197,60246,15906,HTTPS,23,1491,1744898291,1759354232,7.185,0
35.205.80.163,238.197.97.64,24189,24921,UDP,9,1117,1702077645,1707546691,7.903,0
50.103.131.1,74.84.4.1,49738,16253,HTTP,2,4273,1734955903,1705611544,7.071,1
254.133.53.105,22.111.56.65,4772,41005,DNS,41,2973,1748297390,1755701663,5.938,0
4.53.220.190,74.97.143.111,34069,40582,UDP,44,4303,1721557113,1702251347,4.554,1
146.217.43.161,179.124.166.85,27577,34837,HTTPS,31,3906,1735270980,1730991473,8.598,0
202.189.227.13,76.87.238.167,52035,5754,TCP,44,876,1704952505,1704792030,9.573,1
95.47.14.199,38.187.58.137,61404,40006,UDP,47,4657,1746347043,1713218691,5.04,1
206.214.251.248,99.191.242.62,45355,14176,UDP,2,4035,1759738399,1719397109,9.322,0
190.39.212.207,49.191.31.134,31521,56169,HTTP,32,2142,1704100321,1706702245,5.875,0
237.81.110.52,21.19.153.126,32332,6192,DNS,18,3229,1729324351,1754123508,5.43,1
24.153.216.251,68.109.115.213,56105,17899,DNS,13,4588,1733534918,1708745662,4.599,1
188.123.236.40,143.119.231.212,40584,18983,TCP,46,3951,1735652143,1724173742,2.172,0
157.14.44.64,79.213.115.91,54889,14623,HTTPS,5,2412,1739649993,1710891264,0.137,0
89.70.8.87,14.154.124.232,47710,1002,TCP,42,2274,1700037361,1718659202,2.491,0
129.235.135.215,168.57.27.25,11398,50186,UDP,44,1776,1715547216,1751321572,5.146,1
63.138.242.80,113.190.65.152,5699,47646,UDP,10,2056,1719676061,1718742845,3.862,0
136.162.162.32,248.253.130.199,2194,43001,DNS,43,316,1741701268,1744771647,4.54,0
123.4.233.230,44.96.41.243,42473,23284,HTTPS,25,887,1703463227,1734657680,9.808,0
250.40.27.134,227.5.166.179,44509,57618,HTTP,34,4634,1758424716,1710023293,3.568,0
201.71.11.161,23.88.122.177,59550,21436,HTTPS,37,4847,1736012288,1741764557,4.577,0
33.47.246.150,171.146.196.50,62847,27224,UDP,30,736,1735316288,1721040744,1.422,1
62.215.36.98,11.247.11.73,13474,59124,HTTP,7,3411,1752672750,1724993085,0.575,1
172.103.213.218,8.151.251.219,11704,37245,HTTPS,6,406,1711960096,1709418530,7.777,0
35.192.226.100,41.163.228.84,11092,30025,HTTPS,3,3865,1733554469,1708623353,5.75,0
175.205.130.0,72.54.136.46,55484,49631,HTTP,13,921,1715378456,1748289292,7.631,1
5.217.246.254,143.175.237.103,36254,30735,UDP,3,2023,1728783001,1720360866,1.584,0
142.102.26.136,210.41.59.211,47442,516,HTTPS,26,4697,1746440908,1728964394,5.761,1
207.14.89.41,198.11.129.6,27230,45247,HTTP,24,1860,1725787355,1749668993,2.611,0
124.204.178.62,80.130.108.2,63668,1192,UDP,6,4468,1756583584,1735917751,2.358,1
96.230.240.51,27.113.106.39,1311,32265,HTTP,43,2691,1750985316,1735372654,0.214,1
253.95.131.221,230.160.219.128,23361,43629,HTTP,49,2278,1720181374,1722187903,1.39,0
229.150.230.236,247.7.100.159,21690,46217,HTTPS,42,3441,1752987688,1741753855,3.162,1
143.170.28.35,124.175.106.100,52083,6298,UDP,12,4228,1717480861,1717340722,1.257,0
13.159.70.186,4.221.197.109,2185,58756,HTTPS,49,2400,1755243320,1730289845,9.86,1
243.85.27.65,246.18.31.136,50305,27857,TCP,36,4407,1758547632,1741389199,3.155,0
170.44.61.184,12.138.45.118,56513,49424,TCP,2,4929,1724908847,1708904337,1.39,0
245.133.27.27,16.128.62.108,36155,8335,UDP,11,2789,1709694535,1739027078,2.071,0
108.43.83.29,119.244.20.157,25559,24163,HTTP,39,2780,1752953520,1728077868,5.918,1
190.74.127.249,13.161.3.155,33552,6009,HTTPS,34,1368,1746923182,1758582691,0.734,0
247.91.216.230,102.249.222.58,39775,7988,HTTPS,26,1585,1734148407,1738599848,8.638,0
190.224.128.120,247.127.26.68,17551,62533,UDP,18,4834,1755384331,1727249629,9.619,0
27.189.120.115,25.130.96.195,41999,30967,UDP,21,2493,1715562820,1722051113,2.543,1
205.232.2.102,25.147.161.153,24877,3333,TCP,36,1822,1737537495,1745056232,4.556,0
198.199.154.136,126.253.132.226,15782,788,DNS,40,3259,1702282373,1700354182,0.319,1
62.164.224.50,189.219.220.8,1268,38991,UDP,46,4984,1753171800,1738697230,6.443,1
234.171.151.206,116.229.177.133,51102,9874,DNS,44,927,1707527872,1736195387,4.198,1
59.117.159.95,211.59.171.120,4202,17007,UDP,22,2920,1736104984,1752829650,2.774,0
216.232.179.112,139.193.174.107,32855,20226,HTTP,30,3250,1709240832,1748442602,2.148,0
62.240.185.51,108.200.212.215,3200,36445,HTTP,43,4194,1719169951,1743985572,6.575,1
12.253.38.129,226.213.130.75,38794,35341,TCP,30,3797,1741058793,1736471017,4.221,0
131.112.100.112,220.29.217.239,34678,39684,TCP,8,2886,1740868585,1718351471,1.879,0
184.80.186.112,21.155.247.217,58708,5034,DNS,34,342,1722195842,1707012022,6.922,1
2.129.219.53,190.160.212.162,27651,7789,UDP,47,1701,1709750576,1754111052,5.694,1
87.228.223.224,180.33.40.50,53574,15690,HTTPS,9,4681,1753954194,1722324455,8.601,0
129.146.125.129,175.81.57.74,47513,44221,TCP,20,4456,1713283643,1748838504,1.263,1
53.171.217.159,185.22.175.127,45934,21599,HTTPS,40,586,1722773738,1729649386,7.878,0
198.159.246.67,150.16.68.107,25905,37481,HTTPS,25,2736,1720384156,1739464554,6.768,1
183.202.183.122,139.93.14.90,59275,29704,UDP,19,283,1756267185,1713482486,1.239,0
145.254.37.23,163.32.211.124,36446,67,DNS,5,2702,1720377416,1736324217,6.979,0
69.115.97.197,16.161.65.226,13008,48624,UDP,11,2424,1717336247,1737068510,4.471,1
214.138.254.239,168.247.155.46,24800,45247,TCP,15,2322,1723268496,1745658703,9.455,0
144.96.200.123,167.197.200.147,62410,7534,HTTPS,8,1016,1736255675,1739517564,1.502,0
187.69.207.92,124.0.199.246,18779,15104,UDP,19,939,1750144621,1752995767,6.464,1
3.147.251.186,87.127.190.66,8159,4617,UDP,23,3913,1738998435,1709699755,3.882,0
164.146.89.194,4.185.152.46,1344,46046,UDP,27,3450,1754767376,1750035384,9.572,0
147.147.95.198,38.142.190.20,38446,50293,TCP,40,84,1758926640,1716644741,3.367,0
52.232.160.167,227.56.116.180,29659,59659,DNS,32,4592,1740096587,1718875167,9.626,1
128.38.81.103,46.243.141.227,22708,38499,UDP,26,3573,1740719803,1747503723,9.025,1
129.10.219.184,204.144.38.136,56937,43493,TCP,27,1813,1732115603,1726702025,2.777,1
217.177.150.158,99.251.76.206,24262,11773,HTTPS,19,3341,1728692913,1735134321,8.055,1
222.41.98.6,210.114.224.133,22913,23850,HTTP,42,2538,1720912770,1708927377,9.956,1
252.143.89.111,251.218.150.186,31337,49037,TCP,29,2750,1746282282,1700287555,2.601,0
249.243.59.112,91.97.119.45,33559,58532,HTTP,39,1608,1702988088,1703775944,4.424,0
2.128.47.253,38.141.99.244,49923,53624,UDP,41,4740,1748397873,1736298886,5.25,0
140.196.36.159,72.189.34.146,59499,12941,UDP,33,2326,1734534339,1725574001,3.02,1
251.246.8.232,30.254.77.250,11794,52492,TCP,19,4056,1750545616,1747600903,0.251,0
99.146.47.207,84.112.24.167,40345,16933,HTTP,37,4489,1746525732,1746651455,2.279,1
131.147.151.53,88.13.153.101,21450,29770,UDP,19,1153,1759015213,1703197418,2.891,0
120.160.151.115,215.149.175.248,45351,56828,HTTPS,33,1469,1718678953,1711509800,4.492,1
75.112.199.163,83.109.178.130,42801,61432,DNS,47,1528,1747115534,1702788647,1.794,0
166.103.83.253,170.18.200.27,47274,24649,DNS,16,3964,1721762464,1706224898,8.745,0
227.111.253.216,212.172.70.205,8522,47412,UDP,23,3792,1727513679,1706378384,7.079,1
99.152.92.145,63.72.250.123,40428,32967,HTTP,7,3006,1713779190,1718347713,0.943,0
128.109.81.193,119.120.251.18,41154,27778,UDP,26,1432,1723186579,1751065806,6.536,0
54.162.207.188,175.243.141.119,17419,59126,HTTP,32,2624,1716773349,1753023853,6.571,1
169.227.160.67,166.180.60.163,50370,32568,HTTPS,12,3434,1752634391,1756491377,9.567,0
33.141.20.47,168.208.29.8,3561,49724,HTTP,8,1619,1721365372,1759525487,0.13,0
148.247.127.135,64.160.119.51,20250,17175,UDP,5,1944,1716649919,1751754419,2.555,1
135.194.144.127,89.141.202.52,16240,42599,HTTPS,42,2293,1734539893,1723722901,9.285,1
33.175.203.186,227.232.186.77,19637,59176,TCP,28,1916,1756163407,1728335107,9.328,1
115.213.118.21,222.40.195.250,4033,59200,DNS,5,78,1745298401,1758550264,7.234,1
238.157.37.229,68.219.7.1,25392,13799,UDP,49,755,1722488128,1758061043,7.681,1
109.50.181.7,105.124.109.85,30351,65365,UDP,26,1070,1735360855,1741831301,1.006,0
27.26.225.20,169.119.126.254,15233,17559,UDP,5,2113,1749032279,1730806181,5.187,1
30.96.27.110,183.15.220.61,49467,61085,HTTPS,22,1496,1735504840,1752810777,2.393,1
192.224.196.251,113.175.157.11,16053,44238,TCP,15,3714,1749927893,1717632650,1.894,0
61.47.146.3,35.10.63.237,3101,65498,HTTP,13,3037,1759348171,1700308697,8.122,0
35.191.48.16,50.212.254.148,14931,179,TCP,28,3652,1703594128,1711799568,1.437,0
172.219.157.220,69.47.19.100,58021,51397,HTTPS,33,3735,1759897213,1754047447,4.74,0
46.116.5.98,195.171.160.244,37659,20471,UDP,43,3418,1758438232,1755051355,9.392,0
124.232.36.23,253.200.188.136,49944,17119,DNS,23,3631,1751738075,1707279074,1.94,1
93.240.45.180,68.34.208.225,63583,22617,UDP,33,2812,1720266766,1746860830,9.782,0
95.98.187.224,216.223.64.7,5897,799,HTTP,43,4087,1723666269,1742015948,9.943,1
116.190.252.212,45.86.174.167,9659,7602,DNS,18,622,1703895090,1743585013,5.601,0
160.214.160.66,76.181.75.173,34089,25364,UDP,30,4138,1727011610,1756363938,1.784,1
128.17.24.233,47.14.104.146,46887,2796,DNS,26,664,1736319445,1729731215,3.229,0
223.53.57.66,26.51.92.149,56032,31927,TCP,16,4100,1749133641,1737758158,4.302,1
104.173.23.113,232.20.50.37,42828,45265,HTTPS,13,375,1722939708,1714854762,3.162,1
32.174.85.150,20.248.156.178,34807,37357,UDP,39,3790,1716216761,1732070801,2.878,1
194.126.154.233,132.54.198.91,35176,7298,HTTP,33,408,1708424990,1717619822,9.725,1
130.217.16.103,28.3.149.75,59765,64153,TCP,26,3827,1707038170,1756064100,1.618,1
161.136.42.245,173.66.85.235,42537,3085,UDP,48,2421,1717639435,1740932207,7.36,1
176.38.220.169,194.215.161.90,52526,30330,TCP,1,1771,1747209261,1737425981,0.104,1
247.25.98.49,183.104.0.71,30116,11111,HTTP,49,1399,1758666398,1742393455,6.002,1
153.151.12.59,87.165.5.213,18677,732,UDP,38,3746,1752049951,1755966960,9.168,1
250.134.56.35,153.209.144.60,33487,1130,HTTP,2,3946,1729217951,1715333352,2.951,1
173.19.64.7,12.5.217.26,35052,28023,DNS,49,4310,1709663464,1741279386,1.937,0
238.143.141.203,136.210.123.105,41493,1606,HTTP,6,1646,1703801082,1720476662,6.552,1
115.214.142.91,193.184.92.108,58552,11971,DNS,46,1677,1720123884,1754554786,7.155,1
98.65.31.214,241.98.167.141,21971,43706,UDP,38,2552,1740251106,1717325939,6.912,0
191.85.50.152,35.175.236.83,57073,44131,DNS,42,3858,1712317876,1720010156,3.261,1
186.62.189.124,56.176.140.188,60778,29266,UDP,24,242,1711095868,1726794485,2.597,1
150.57.57.85,230.48.45.112,31002,32331,UDP,18,2724,1736760109,1721550363,9.564,0
49.179.169.69,190.135.42.147,23080,2934,HTTPS,27,3895,1736060500,1725251174,9.241,0
15.53.234.187,124.96.89.38,30031,15188,UDP,41,2627,1710024015,1712597628,4.627,1
101.224.7.52,85.244.176.191,44193,25792,DNS,8,141,1712481158,1759829093,8.477,0
60.235.107.4,62.105.106.53,49311,24901,HTTPS,28,4284,1700483075,1726110856,4.578,1
103.195.5.108,126.232.8.87,55769,5075,HTTPS,10,530,1712348378,1736440011,4.301,1
224.115.93.46,37.48.40.16,45656,46806,UDP,17,2966,1732447283,1733052558,1.652,1
99.54.167.51,88.20.50.58,49473,26427,HTTP,29,4485,1758457846,1739466516,4.321,0
144.12.113.123,167.182.40.38,56331,39868,HTTP,6,1125,1731969752,1742635059,5.42,1
106.157.146.144,141.191.10.237,6567,50643,HTTPS,14,2563,1710165918,1707355554,0.323,1
120.62.18.91,147.138.76.126,57416,894,UDP,22,848,1708715978,1751772000,4.497,0
58.182.89.228,46.44.0.167,22091,34159,HTTP,6,4620,1728094575,1710297650,7.835,1
218.116.61.22,108.18.75.71,52057,19774,UDP,26,3999,1739006163,1701877330,6.832,1
127.136.139.244,200.188.244.108,46280,4240,UDP,39,654,1724276259,1715009846,6.388,1
129.57.121.0,12.188.239.160,26121,20864,HTTPS,12,3029,1706746037,1738636502,9.105,1
239.33.95.125,45.89.102.219,43871,51416,HTTPS,35,4966,1727330357,1726878284,0.279,1
118.47.88.231,250.196.7.152,44536,3433,TCP,14,647,1725998966,1742498174,5.615,1
237.116.128.15,91.173.86.157,4833,35140,HTTP,22,1582,1721250430,1755386027,7.895,0
189.230.191.190,237.174.214.176,23215,60431,HTTP,23,563,1712685328,1757600704,5.459,1
69.21.92.246,175.83.81.145,22291,53465,HTTP,48,1927,1754014444,1733145074,3.307,1
195.75.153.143,194.67.221.160,8230,1516,DNS,7,4022,1713679946,1754478684,1.449,0
179.228.85.184,127.163.81.228,54331,31671,UDP,40,3893,1709231261,1722985303,8.887,1
29.205.219.68,147.238.155.167,22081,48675,HTTPS,25,1749,1758183394,1747472463,4.761,1
47.240.93.237,84.112.224.75,30016,39095,HTTP,13,1079,1707841640,1717825494,8.793,0
190.243.196.203,122.242.142.40,47538,14606,TCP,21,4645,1743779557,1740589915,5.9,0
144.217.217.175,167.1.190.28,17019,56241,HTTP,41,766,1708740245,1733677614,6.775,0
85.38.99.32,105.201.193.50,49827,5587,UDP,10,4136,1715708276,1737797327,8.062,0
254.221.100.22,75.204.9.141,45463,35686,UDP,9,715,1715107626,1724269034,6.626,0
250.9.245.68,210.50.117.200,64501,54884,HTTPS,15,2258,1750283375,1755549623,4.041,0
100.33.179.222,121.38.27.2,14234,56839,DNS,2,1129,1713486194,1728609573,5.185,0
138.249.146.185,84.197.154.116,18817,48670,HTTPS,25,277,1742120986,1758804362,8.05,1
96.0.247.68,2.92.165.130,27294,31187,HTTP,13,198,1705137956,1726816706,3.799,1
237.3.15.23,144.93.39.1,63032,26929,TCP,34,1119,1722051629,1744402190,3.942,1
80.246.1.240,81.168.253.11,6221,32729,HTTPS,34,4777,1747031920,1710413824,1.047,0
220.127.159.218,163.234.64.54,49345,17552,DNS,35,1413,1758056226,1733718918,9.154,1
84.151.139.177,45.206.217.100,8476,57455,HTTPS,38,4558,1751196547,1710082304,1.001,0
163.123.32.160,213.61.48.126,42510,21494,UDP,3,1805,1725429327,1744774495,6.517,1
189.178.170.100,223.152.22.151,15883,20712,HTTP,42,569,1756742223,1714410440,4.191,1
12.66.64.160,249.37.27.20,28260,54963,HTTP,6,3594,1702318292,1737400988,4.116,1
168.73.42.43,182.106.145.163,32923,20040,HTTP,48,2372,1752358041,1739813657,6.828,1
29.140.11.94,99.172.118.72,33107,36562,HTTP,49,1152,1757954168,1751066710,0.764,0
46.129.252.242,181.229.121.29,3196,9948,HTTP,19,647,1744945123,1717504684,5.978,0
242.34.214.80,188.107.97.31,46950,32336,HTTP,3,3323,1729692050,1718841834,7.743,1
90.7.92.153,195.194.155.171,17687,15860,TCP,18,4099,1702379897,1712675420,8.299,0
202.89.253.161,79.40.62.22,28564,23123,DNS,39,2655,1718071632,1720231923,1.788,0
115.104.134.195,104.74.47.159,54153,1578,HTTP,9,2238,1735539628,1730975456,8.984,1
58.244.113.236,250.250.56.117,20077,42257,DNS,12,4875,1758384025,1738427019,6.596,0
75.156.119.163,100.123.160.151,12109,28351,HTTP,5,638,1741257621,1713747550,8.83,0
217.20.252.248,167.33.183.155,31588,51373,HTTPS,3,4522,1712306806,1728242335,4.904,0
164.137.100.200,165.6.195.164,25233,41933,HTTP,11,1457,1701560121,1727068277,5.466,0
152.191.226.176,56.64.192.46,60119,33799,UDP,30,4896,1705878263,1706284179,9.198,1
99.239.35.209,148.18.156.201,5005,31899,TCP,4,4772,1717220251,1715052662,9.009,1
241.230.95.151,188.145.219.162,22177,15882,HTTPS,5,3440,1703099072,1712442674,4.537,0
151.189.223.36,171.238.222.218,6271,10786,HTTPS,1,3490,1740205155,1706914128,2.817,1
12.112.182.12,126.138.48.112,11577,6692,UDP,27,1679,1725126308,1745811747,3.992,1
23.216.98.104,38.63.68.135,21835,53145,HTTP,28,1044,1730270785,1736353090,3.939,1
30.16.112.61,162.175.115.183,30869,61958,TCP,29,4848,1748897936,1741216640,2.94,0
84.111.216.85,204.229.64.30,7159,65432,HTTPS,18,2109,1755532199,1751755889,2.759,0
141.186.18.176,132.112.108.177,6597,17298,TCP,12,4622,1759409573,1717680026,8.625,1
100.139.188.232,69.157.119.87,54307,6359,HTTPS,13,3036,1758078804,1715221492,0.792,1
147.75.8.198,187.66.74.44,60076,51334,HTTP,41,450,1738107068,1729624942,6.808,0
28.205.222.127,4.153.154.173,14755,63773,HTTPS,2,2905,1751082888,1705541543,1.811,1
52.82.249.110,246.106.191.218,8213,19582,HTTPS,37,2274,1704315596,1754046176,3.511,0
144.116.68.98,234.50.49.5,15565,55193,DNS,45,3462,1706775996,1705169619,0.709,1
140.24.179.122,59.124.142.244,44670,1463,HTTP,16,106,1751327439,1739949453,2.773,0
213.227.52.150,30.169.228.121,12111,63313,UDP,48,1925,1744163983,1740515939,7.707,0
144.56.38.108,125.36.169.123,47459,64174,UDP,24,4593,1728227962,1715571652,8.862,0
181.41.185.166,101.34.86.133,54711,15512,HTTP,35,4348,1709929729,1749972694,2.293,0
142.222.121.132,196.17.251.200,3800,10571,UDP,22,3818,1715195753,1712768876,4.689,1
163.214.220.234,113.28.76.58,43103,48666,HTTP,36,4883,1735514731,1737250043,4.756,0
75.145.238.75,175.125.243.144,28588,44415,UDP,11,4347,1705079111,1738985591,8.748,1
9.73.185.235,109.223.239.21,29859,15475,DNS,46,1403,1724679850,1726211918,7.652,0
145.252.229.6,68.68.164.232,62611,7038,UDP,29,2460,1702853501,1753724037,5.179,0
174.140.167.169,49.140.161.108,8721,28130,HTTPS,35,4361,1744770473,1732670368,6.74,1
137.177.26.121,86.52.122.86,15653,42268,HTTP,48,2652,1706282444,1753748150,8.489,1
194.4.28.164,179.130.41.97,9410,54147,TCP,15,2984,1749760056,1716153106,0.194,1
166.82.135.239,160.108.50.249,18070,13387,TCP,31,72,1755945552,1741906302,4.089,0
109.64.85.243,241.84.173.126,58847,58534,HTTP,42,2252,1702459622,1732766156,9.082,0
145.254.70.216,236.20.43.138,9068,54461,DNS,41,1259,1731604183,1730648348,7.429,1
45.131.35.69,103.67.242.128,54394,6222,UDP,43,2346,1750190530,1759474364,5.474,0
252.158.18.188,92.190.23.124,10639,23475,DNS,16,798,1714569117,1759453134,5.343,1
108.181.166.90,227.140.110.97,48826,40538,TCP,10,854,1752229107,1728385743,3.543,0
202.89.18.38,139.227.178.252,6084,49840,HTTP,49,183,1704240012,1706225175,5.253,0
126.194.172.140,17.98.251.81,11924,47125,HTTP,32,4466,1745892882,1717778838,6.588,0
242.219.125.57,104.213.248.151,61543,21046,DNS,2,2487,1749647622,1703246319,4.242,1
148.219.199.60,250.18.164.230,56050,25784,DNS,24,483,1747661960,1701636617,7.17,0
127.104.166.0,85.7.27.4,6605,51047,UDP,23,3721,1751547090,1730912181,8.626,1
131.204.91.189,145.100.163.117,62182,40158,HTTPS,2,3786,1739118828,1745673576,1.631,1
249.190.251.112,147.254.63.90,35806,4923,HTTPS,38,4089,1707903797,1727529128,4.57,0
153.55.160.165,117.97.10.53,21197,46408,UDP,31,2148,1712505703,1732943536,4.139,1
117.133.57.43,173.46.139.245,14021,22707,HTTPS,40,2967,1752911957,1719243920,6.906,1
173.159.172.60,149.245.138.230,44427,42772,TCP,26,302,1711704145,1727525616,2.574,0
47.148.79.117,220.4.208.183,59279,52336,HTTPS,29,4884,1756756796,1759082167,6.438,1
213.202.251.228,20.168.45.249,47440,32480,UDP,3,1179,1707049985,1701046251,8.787,1
164.226.146.19,12.69.16.114,8172,52950,HTTPS,14,3314,1741060593,1700285356,4.24,0
185.145.46.232,147.153.47.107,57942,5179,HTTP,25,351,1755483594,1732288939,9.119,0
49.13.142.158,236.51.95.69,61581,30023,DNS,48,2027,1707026206,1743467245,9.932,0
1.116.53.117,183.249.227.101,19772,15241,TCP,1,2813,1704247328,1736557769,1.15,1
3.143.214.184,75.160.189.215,15046,26221,HTTP,3,4055,1718228685,1743111734,2.407,1
203.11.73.223,151.142.154.202,21037,36737,HTTP,26,3291,1730583887,1731147410,9.509,0
16.199.101.203,192.248.242.241,39711,2717,UDP,18,3107,1736855306,1756895132,9.587,1
152.155.116.7,209.178.180.205,16910,16575,DNS,9,600,1721513632,1708505089,1.067,0
122.91.163.89,219.81.91.178,55851,46280,DNS,38,1637,1720841213,1754594211,0.248,0
136.185.59.177,175.254.238.3,61840,17720,TCP,23,1872,1708302975,1703275654,1.695,0
28.219.100.40,135.108.162.47,26280,8182,UDP,21,3267,1713101446,1703674777,9.961,1
228.191.154.245,73.71.115.172,31029,45764,TCP,1,3546,1739680895,1739787982,1.882,1
191.144.200.160,81.80.112.224,7662,44067,HTTPS,21,4459,1708437534,1724899950,5.075,0
245.211.204.219,96.71.146.62,38443,49531,HTTP,27,4329,1738965244,1744056567,8.499,0
240.156.140.45,38.66.186.68,34401,61827,TCP,42,762,1748509615,1714918181,0.302,1
35.252.133.81,13.174.237.188,41732,20214,HTTP,6,2225,1757484413,1713525634,6.084,0
115.196.46.152,31.246.207.113,44140,6381,UDP,44,4122,1747934957,1759930469,2.843,1
194.9.55.29,224.21.92.213,37658,616,HTTPS,36,3899,1722884398,1732276687,8.637,0
242.250.108.4,171.66.53.137,17779,62983,UDP,28,2483,1756344269,1756256961,2.906,0
119.247.32.117,42.63.125.20,24406,51483,HTTPS,45,3351,1754083035,1721172318,6.899,1
65.145.223.238,208.203.193.168,50791,63489,HTTPS,17,320,1719556276,1714813019,6.775,1
177.10.84.25,152.34.183.29,57087,50907,HTTP,40,1844,1700483791,1741599453,2.293,1
63.216.85.58,57.221.46.162,23418,464,UDP,3,4956,1726836754,1741613994,0.445,1
27.176.204.160,19.113.7.25,3277,31974,UDP,12,2512,1715374160,1731531769,4.152,1
98.104.98.254,113.231.70.29,38734,9159,TCP,39,4343,1718935930,1757155773,2.963,0
129.148.239.54,135.66.64.35,46122,20652,UDP,12,3444,1711836889,1716669382,8.109,0
6.219.208.196,25.36.0.142,1888,3159,TCP,2,1129,1709184874,1735796451,8.024,1
95.132.101.2,37.140.231.135,35060,20009,DNS,46,2928,1719399496,1710450652,4.625,1
181.22.228.52,133.187.127.200,41246,46203,DNS,22,4773,1713317681,1748297495,6.104,0
165.201.201.82,127.0.163.34,14690,4939,DNS,23,653,1704225872,1717089267,6.082,0
145.84.77.200,194.190.103.22,59152,38186,UDP,30,1635,1713380190,1756501670,8.289,1
110.0.50.172,9.33.173.205,21979,22389,UDP,5,3107,1742604299,1731237759,4.308,1
205.3.189.192,128.3.157.222,46162,65441,TCP,9,4035,1742553366,1719568220,2.827,0
113.231.31.33,102.74.98.71,39021,8882,HTTPS,21,4739,1701245749,1715099691,2.724,1
92.94.71.38,3.141.187.204,17333,59967,TCP,11,1445,1759676533,1745240374,5.408,0
154.249.161.181,173.223.33.44,52413,5604,DNS,5,3738,1719004157,1739817180,4.547,0
118.2.122.49,61.82.122.101,5078,34981,TCP,35,649,1718195396,1703568125,4.457,1
12.192.53.235,16.65.167.144,63263,22505,HTTPS,27,563,1729862122,1706656669,1.002,0
133.221.221.250,119.161.233.123,1959,54971,UDP,49,1116,1758794979,1744584476,7.214,0
57.144.111.254,144.101.187.65,45964,16767,TCP,2,2936,1756564794,1759874514,2.216,0
47.150.206.228,194.217.12.183,23802,51409,DNS,24,2703,1757386147,1719220121,2.05,1
85.141.65.74,111.158.251.33,58067,28387,DNS,31,4955,1748600834,1759710426,4.186,0
179.102.165.191,39.194.135.214,44322,11696,UDP,33,1138,1708237881,1726899165,2.355,1
252.225.37.49,206.119.125.54,64132,17797,TCP,39,4435,1719796183,1751743858,5.88,0
98.81.29.78,27.117.220.230,49352,42544,HTTPS,30,4914,1716493750,1739579572,3.777,0
91.178.190.225,53.38.64.144,49948,14560,UDP,46,2564,1737281336,1723139997,4.544,0
52.248.165.224,233.157.180.12,17733,38915,TCP,37,4019,1714459536,1714184706,5.418,0
216.78.251.29,21.146.52.18,10750,33140,HTTP,28,3334,1748941990,1719940473,2.115,0
247.105.50.80,57.24.213.30,61848,54959,DNS,31,4616,1709921625,1702674986,1.642,1
133.28.131.137,81.182.22.31,41566,38334,HTTPS,11,2246,1751124163,1736970246,8.816,1
184.144.73.16,190.73.9.227,21269,8803,HTTPS,23,4233,1739465270,1756368508,4.394,0
252.83.215.68,200.53.51.147,35777,8308,HTTPS,2,839,1751724844,1735504688,4.18,1
34.5.52.193,160.113.13.177,15276,40206,DNS,40,3525,1717812427,1719580744,0.453,1
205.125.234.42,156.109.243.52,22340,33215,TCP,41,3203,1702189568,1732079348,5.03,0
240.202.114.110,152.78.21.29,38395,34160,UDP,27,1714,1754266388,1711796776,5.586,1
249.150.182.79,191.3.204.58,20186,11517,TCP,35,1359,1734201554,1755642473,5.633,1
95.202.117.143,215.7.209.11,16984,50493,UDP,2,914,1703782164,1721031500,7.1,1
8.131.103.131,119.158.205.33,31815,29087,HTTPS,39,3913,1701761331,1726009038,1.857,1
184.24.194.95,82.247.97.126,43254,48223,TCP,37,3413,1752208977,1733719733,2.597,0
195.154.92.159,75.104.203.48,26240,30481,HTTPS,21,3574,1719670186,1755146622,8.126,1
178.60.121.50,79.184.222.240,33491,52092,HTTP,5,3836,1733869747,1726267844,9.477,0
147.20.4.209,250.92.153.17,65451,62488,HTTPS,45,73,1708539202,1733851612,1.446,0
92.169.60.21,96.213.37.208,47958,44660,HTTPS,21,3053,1742663932,1716237538,5.027,1
149.69.0.132,87.87.49.7,63071,47767,UDP,29,360,1723553648,1703405914,2.22,0
233.11.89.45,169.133.68.171,8778,38738,HTTP,20,1281,1733437995,1741720218,0.695,1
34.176.77.217,121.63.156.155,48038,9266,HTTPS,38,3838,1729229727,1704177927,3.322,0
45.154.72.25,139.120.64.106,5102,48630,HTTPS,20,2761,1747219465,1755208479,1.523,1
249.46.120.213,147.136.154.161,13877,53966,HTTP,25,4851,1729545279,1705032403,7.128,1
239.55.93.106,172.195.99.81,51543,52722,HTTP,2,471,1737513447,1703229065,5.384,0
63.47.60.80,143.50.140.82,5066,5455,TCP,32,1823,1727298766,1745402380,1.524,1
26.35.0.7,177.197.111.55,50076,35919,UDP,26,3618,1711061060,1711607230,0.191,1
113.98.252.179,204.178.164.144,15413,26182,HTTP,6,996,1702214979,1746583644,8.101,1
207.46.126.55,186.214.217.156,31449,15387,HTTP,41,1236,1753737499,1700587426,1.844,1
214.13.217.27,161.59.218.216,3599,39183,DNS,3,1884,1740908724,1703430460,6.102,0
215.77.215.129,120.182.137.174,40546,37426,HTTP,33,1614,1733750643,1746986677,3.436,0
109.153.13.186,23.212.148.234,29203,56100,UDP,1,4994,1701836082,1715090951,5.896,0
56.114.6.2,13.100.160.23,51757,43255,HTTPS,5,1997,1731893172,1745083420,3.225,1
111.150.237.106,108.10.16.195,35778,24328,HTTPS,13,1358,1735792131,1751463262,0.961,0
239.251.236.17,175.24.93.200,19648,52815,HTTPS,19,3036,1749492558,1741557461,2.307,1
250.37.226.114,21.83.210.210,21374,53635,HTTPS,12,436,1729506320,1730278292,1.962,1
15.191.216.118,140.36.41.144,27705,21182,DNS,48,1211,1754790082,1736020939,4.337,1
229.27.201.38,101.245.47.102,25012,47663,HTTP,25,3308,1735367497,1710055169,6.617,0
185.16.230.85,28.40.98.46,16494,21453,HTTPS,35,4861,1732145070,1755750321,2.712,0
218.125.43.24,240.145.205.226,25728,38249,TCP,12,3983,1755288809,1731907752,0.219,0
145.12.211.24,236.104.123.198,39760,40802,HTTPS,30,2897,1740949943,1734330817,5.237,0
68.137.66.232,233.12.209.228,30401,33752,HTTP,5,4571,1721364497,1732360929,6.097,1
109.145.110.227,141.99.30.129,29596,21992,HTTPS,34,1489,1755838848,1710293122,9.632,0
111.213.33.110,16.136.72.165,59219,41312,DNS,22,3492,1729968674,1727462991,5.936,0
8.167.112.235,203.53.183.213,8517,9917,UDP,39,4530,1749522495,1741018802,4.765,0
83.41.168.100,225.99.108.86,5127,10144,UDP,13,105,1725543156,1709465027,5.777,0
6.179.25.63,173.236.161.136,35868,25856,HTTP,47,3374,1742027193,1747850326,9.286,1
226.186.183.58,216.7.6.35,55407,15582,UDP,3,155,1731125982,1709395448,8.301,0
109.197.228.120,18.2.27.69,4018,1908,UDP,20,3251,1721755450,1709370097,3.297,0
33.180.149.20,236.171.148.27,4768,29425,TCP,31,719,1731877611,1746086355,2.449,0
198.69.246.111,232.53.181.64,48258,23309,HTTP,5,4521,1726291842,1704559512,2.7,1
4.93.74.189,100.20.251.234,48315,41985,HTTP,24,792,1720749378,1706519453,5.094,0
62.93.94.151,227.12.56.48,64162,41506,UDP,40,1016,1732562980,1728437969,7.466,0
55.136.246.130,118.53.137.52,28356,46526,UDP,33,357,1706166994,1706846090,5.082,0
243.30.39.228,44.46.52.73,6618,36943,UDP,8,2188,1737726492,1708607964,0.771,1
36.151.222.5,46.12.164.101,41323,62700,DNS,24,3514,1723380568,1728696848,7.263,1
66.211.219.74,24.1.213.80,8395,26958,HTTPS,20,4947,1716856163,1702995353,8.079,0
4.78.133.117,100.141.137.162,48339,25465,DNS,16,159,1710342588,1735229687,2.966,0
113.93.247.229,153.130.110.101,19052,48477,HTTP,12,3682,1723929820,1725650424,6.675,1
179.61.184.193,17.11.181.115,62739,23650,TCP,13,4485,1741690969,1718685367,4.323,1
79.202.135.25,24.28.170.152,36936,42066,HTTPS,45,1965,1754301059,1728082991,8.902,1
179.172.43.132,228.121.187.89,15014,27126,TCP,42,4313,1756719600,1736843795,8.468,1
70.153.117.67,230.64.83.118,47875,34759,HTTP,39,606,1739524109,1731634412,5.302,1
19.211.224.19,156.15.174.208,17650,5597,HTTP,25,154,1715505393,1725812055,6.946,0
113.139.46.0,104.91.185.203,21493,16375,TCP,46,2097,1717745626,1709158430,8.845,0
90.141.63.37,27.245.180.169,41746,53151,TCP,32,195,1710799520,1736340634,5.008,0
37.125.138.254,187.174.221.232,41061,3776,TCP,24,2813,1749545109,1741267841,3.201,0
100.76.234.2,162.164.133.134,8154,27389,HTTP,48,923,1727764911,1748460280,7.561,1
161.133.177.247,224.223.244.152,7852,58265,UDP,47,348,1720713858,1704209229,2.279,1
10.4.150.137,33.54.185.6,58538,21030,TCP,44,3288,1745310804,1745830915,3.946,1
172.129.12.167,244.56.125.11,42636,18446,HTTPS,9,695,1745554920,1750220684,8.671,1
130.83.64.62,16.207.42.116,48012,53640,HTTP,40,4783,1725860758,1735203811,7.272,1
101.72.16.8,228.204.134.227,40123,48475,DNS,23,3128,1751372483,1710685090,4.098,0
203.142.151.37,111.50.200.159,53688,14646,DNS,13,2561,1743821332,1727923691,2.226,0
247.162.93.94,75.7.224.214,47189,31106,HTTPS,32,833,1723403748,1722328309,3.624,0
49.68.61.187,217.247.199.44,18907,64721,UDP,15,420,1729629610,1746887039,2.913,0
236.177.77.116,214.58.131.103,44083,13669,TCP,36,536,1732679646,1728412406,1.843,0
120.202.136.161,195.156.232.156,19566,62414,HTTP,49,2087,1722163668,1715520967,7.459,1
76.226.34.0,98.225.155.204,43956,15961,TCP,5,3246,1708531225,1719169217,2.595,1
40.63.149.59,79.123.214.171,65388,60984,HTTP,22,1410,1723729273,1727437957,4.596,1
64.92.71.10,218.3.89.103,62293,11358,DNS,16,4337,1709657570,1735871262,3.92,1
105.228.13.59,137.118.132.55,55338,64605,TCP,41,4875,1721911845,1727391477,9.823,1
30.34.212.164,96.211.177.74,11474,37204,HTTPS,10,2311,1744044887,1713747849,3.972,0
5.82.122.77,143.31.27.21,21447,51797,UDP,24,2671,1755258378,1718010603,0.892,0
154.61.131.88,233.16.58.89,3059,15805,HTTPS,18,1006,1751361768,1714887956,0.989,0
237.41.88.145,236.198.105.184,45255,62197,UDP,49,430,1701034780,1713194473,5.948,1
40.71.38.103,26.24.137.250,41769,50198,TCP,18,3699,1740683254,1757957065,6.034,1
14.31.178.124,45.82.10.204,18265,14627,TCP,7,4943,1732597747,1758771074,4.246,1
166.96.22.62,181.199.103.67,53999,28133,UDP,4,288,1727733052,1735803551,4.375,1
143.224.152.144,239.94.155.202,24178,7952,DNS,26,1155,1734303477,1719228819,0.634,0
225.238.246.193,235.64.48.174,26649,6450,HTTP,5,1436,1730477458,1747379401,5.214,1
206.52.103.103,52.101.215.181,45974,19066,HTTPS,16,2602,1751203757,1718274332,5.097,0
179.38.178.197,188.56.46.158,34090,35968,HTTPS,35,2299,1745977520,1705571944,1.581,1
134.66.134.178,233.173.241.25,57420,39537,HTTPS,26,1577,1707736085,1748681267,1.128,0
200.41.191.243,241.113.4.83,34715,9131,TCP,18,1717,1733941837,1746255986,1.323,1
15.110.156.32,52.104.202.247,54408,23825,HTTPS,29,4182,1706805360,1744849313,1.1,1
244.221.230.154,54.160.177.165,14355,62288,HTTP,23,2741,1732489400,1758915684,6.136,0
164.156.37.184,155.225.14.223,64951,41402,HTTP,14,3722,1738116218,1745837139,2.045,0
97.252.228.154,61.121.20.45,21714,51703,UDP,15,2046,1738313101,1738150204,2.589,1
183.32.253.195,197.133.37.61,20207,36994,TCP,49,1475,1746479403,1746954620,1.818,0
86.65.9.4,86.189.209.77,64038,31876,HTTP,33,2862,1745330272,1737844423,9.583,1
123.73.96.117,202.45.140.222,40370,49749,DNS,25,3297,1736655436,1739296070,8.561,1
38.140.158.46,222.2.221.5,5899,6055,TCP,21,2642,1739089125,1739607109,2.382,0
228.108.215.179,93.7.171.236,55502,34274,TCP,17,1540,1736486640,1754138762,3.343,1
184.14.156.135,235.107.160.208,13278,41822,HTTP,23,1274,1727075979,1741779199,2.178,1
5.156.46.67,240.74.76.49,56758,48518,DNS,43,2637,1743651126,1706582123,4.97,0
76.172.129.154,11.94.155.235,29645,10833,UDP,17,3114,1720964658,1706805969,0.294,1
95.114.242.163,70.168.15.67,51978,29671,HTTP,14,882,1720589413,1713773042,6.747,1
36.25.42.26,99.251.47.183,11929,49113,DNS,29,4742,1745843878,1748346601,5.279,1
69.147.10.253,64.186.89.189,47145,22853,TCP,20,2490,1725847200,1754312696,8.997,1
74.103.37.133,249.75.138.100,62874,23621,DNS,30,4845,1743658912,1756411070,1.727,0
200.22.46.89,89.17.18.214,16906,28308,TCP,19,1696,1723210780,1731154708,8.061,0
46.106.139.217,55.101.117.209,61221,47552,HTTP,39,490,1734511172,1722413805,7.94,0
141.103.189.209,154.133.3.107,20065,1552,HTTP,13,1579,1730553797,1749732482,1.359,1
217.224.110.103,115.28.58.124,30122,47923,HTTPS,18,3015,1749796766,1724723537,4.046,0
60.170.203.235,98.16.106.42,53522,63081,HTTPS,23,2417,1749057871,1714719831,1.785,0
100.239.67.132,245.79.193.161,43455,27813,HTTPS,46,3336,1718988062,1748788334,2.622,0
120.36.71.126,247.7.140.105,53125,13800,HTTP,33,4713,1754760408,1711679241,2.706,1
106.240.91.30,8.221.95.227,34733,26313,UDP,39,4381,1719086447,1709571226,5.607,0
122.136.245.50,239.93.64.170,35699,39621,HTTP,40,1354,1732750125,1718448395,4.173,0
29.205.39.40,39.80.186.83,5861,1450,DNS,18,3084,1748677728,1725261318,9.483,1
214.10.150.0,88.241.85.92,47472,65209,HTTP,9,3738,1754942412,1747177360,1.351,1
46.100.148.89,86.43.136.164,25513,55106,HTTP,33,4023,1743447859,1716380352,9.74,1
110.163.181.214,74.35.100.219,18651,57609,TCP,32,1235,1747955593,1711386047,2.383,1
57.0.62.181,156.169.254.170,6720,24427,TCP,17,3312,1754827081,1720005625,7.751,1
55.114.167.142,213.215.169.251,50018,35428,TCP,19,2157,1755547432,1741782385,3.456,1
149.174.200.52,104.65.54.199,14567,40278,HTTP,27,1890,1752299230,1755230489,1.517,0
137.201.179.56,176.90.21.100,13639,31552,UDP,6,4370,1734394700,1708324878,8.593,0
117.153.168.34,155.120.92.194,2490,24278,DNS,35,2797,1739683458,1736568562,3.158,1
63.243.24.89,108.140.172.9,31795,56598,DNS,37,4727,1705770938,1757924091,6.623,1
75.37.129.134,228.8.181.247,54133,35490,UDP,34,4314,1731511091,1741883168,5.708,0
210.218.161.90,247.154.33.242,19374,58807,UDP,20,3183,1756889249,1730076989,4.77,1
17.127.170.186,129.159.88.92,1399,45213,DNS,25,3470,1728896688,1738301924,5.009,1
108.250.178.181,71.240.66.211,34054,9638,HTTPS,4,1515,1708441243,1718888494,7.349,0
152.24.198.179,148.116.93.162,21770,43259,TCP,10,4159,1712603858,1724752734,0.969,1
198.244.87.160,99.112.102.90,23910,35694,TCP,10,2261,1751315286,1712277440,6.715,1
177.28.62.234,90.205.16.17,45372,9825,DNS,24,2854,1757243244,1746478791,8.969,0
150.153.155.113,173.115.92.211,61763,64018,UDP,21,1593,1755927775,1733771083,0.672,0
213.48.198.80,181.90.81.67,43928,26951,HTTPS,11,1739,1729141728,1758637178,1.492,0
84.104.176.147,193.113.0.57,33675,23489,DNS,27,1621,1711652065,1706620661,7.195,0
118.85.219.62,154.108.147.115,8857,62335,TCP,16,4591,1702791671,1709929464,4.429,0
189.103.48.70,87.9.58.202,2917,39009,HTTP,26,3329,1735616324,1714697042,4.095,1
1.223.140.221,41.104.132.121,31597,49665,UDP,30,3591,1720208759,1716309272,1.456,1
215.178.122.183,193.144.21.97,32395,216,HTTP,49,4861,1723740482,1711843128,5.117,1
211.61.31.157,248.236.168.220,41898,40068,DNS,16,3073,1737632572,1730671903,1.353,1
29.48.172.220,68.196.138.55,12850,11524,TCP,7,868,1745539259,1723144254,4.819,1
30.143.167.18,179.148.98.75,35444,10365,HTTPS,16,4571,1749196358,1724349707,7.66,0
18.0.77.114,26.114.146.108,22948,3154,HTTP,35,1174,1728631509,1750937150,2.657,1
175.241.193.245,188.198.46.246,62509,23835,HTTPS,16,4995,1725262572,1719312460,4.86,1
220.112.113.221,71.153.39.132,54068,34475,TCP,40,1179,1737463740,1735114587,9.921,1
166.178.62.131,149.205.131.22,34391,43067,HTTP,12,1752,1729989149,1730107648,6.898,1
129.7.156.54,106.83.142.241,22223,34336,HTTPS,35,2051,1726124219,1735166021,8.429,1
103.130.31.9,116.108.220.135,52088,10401,HTTPS,49,3928,1707466897,1748632967,4.207,0
202.210.109.161,41.111.146.111,26892,59676,HTTP,21,4422,1741240159,1700468163,7.702,1
124.224.86.54,103.45.155.237,9816,10346,TCP,43,1856,1700915767,1709228420,0.501,1
220.31.177.134,249.218.67.121,58748,33897,HTTPS,36,2997,1742244404,1751101656,1.317,1
93.7.64.56,15.226.164.128,21621,19895,DNS,48,3259,1743270918,1721276123,2.11,1
247.66.215.214,195.110.23.26,37429,28900,HTTP,17,2202,1715547488,1703000102,4.079,1
187.254.252.71,40.190.188.163,33720,40636,UDP,32,4691,1728208068,1729097750,8.473,1
54.248.238.228,226.220.23.23,44147,28230,UDP,41,4255,1733092720,1756921411,3.528,0
67.50.96.91,234.3.66.33,17013,51518,TCP,6,594,1741768923,1730573747,6.581,1
239.7.161.34,185.176.214.180,29955,5584,DNS,24,2451,1753701063,1749773059,7.122,0
96.87.77.31,248.115.22.108,10314,4898,HTTPS,27,4888,1749942451,1747906429,5.903,0
120.45.234.143,69.94.253.180,39391,54871,UDP,20,2414,1727275395,1726210478,3.637,1
196.243.164.181,62.168.56.252,56624,6002,TCP,25,1339,1720480929,1758018554,5.813,1
213.141.222.54,249.187.53.69,15366,43882,DNS,2,3815,1711881412,1702378772,3.488,1
176.209.6.73,101.56.137.167,25965,4568,DNS,9,1925,1700381856,1753808100,0.93,0
7.160.150.84,135.102.165.84,14969,9272,TCP,28,4478,1745586552,1753729207,9.929,1
147.111.124.146,61.211.2.127,11786,64113,TCP,38,4737,1720542660,1742291777,1.359,1
36.28.187.81,179.85.46.195,61787,47117,HTTPS,3,832,1747849253,1753153210,0.816,1
2.128.46.196,220.75.37.242,31157,11704,TCP,20,589,1742706401,1715935238,8.797,0
148.10.233.254,164.238.168.196,48104,13330,HTTPS,6,2832,1727873913,1722517808,3.088,0
130.194.214.118,141.86.57.49,41174,35510,HTTPS,39,2718,1738133529,1733401359,6.538,1
140.19.4.36,30.189.100.24,28076,52173,HTTP,33,4764,1741167744,1749922192,3.357,0
166.221.136.225,112.154.178.205,42774,6257,DNS,1,3987,1737571331,1726615123,3.975,1
53.171.98.243,185.125.239.122,20977,229,DNS,37,3006,1715528998,1735066617,2.695,0
250.85.107.23,47.117.227.38,41499,24747,DNS,6,3772,1737509631,1727930454,3.496,1
81.201.157.119,16.247.21.212,18154,16679,HTTP,45,3917,1755573977,1758901857,4.166,0
59.237.214.127,54.148.199.240,32110,37053,HTTPS,34,1883,1736823328,1721040202,7.232,1
224.208.113.114,16.58.246.30,58680,57770,HTTPS,47,2196,1737807891,1736923169,5.164,1
209.13.8.39,170.201.31.186,5657,46033,TCP,15,2220,1724134159,1752876192,9.441,0
194.236.24.102,162.254.253.8,18328,46159,HTTP,45,3441,1747711124,1728665409,0.515,0
201.245.21.234,209.138.223.9,43061,23186,TCP,26,1666,1740691372,1713242686,5.08,0
238.3.153.185,214.248.16.67,33308,33687,HTTP,14,4667,1729822454,1722103126,5.884,0
29.108.97.214,48.179.110.152,47570,11446,TCP,7,966,1736408567,1705363240,9.21,0
37.74.69.145,123.148.100.101,8032,33267,UDP,46,4862,1714959998,1735582649,0.587,1
128.84.41.99,241.64.190.216,49315,63262,DNS,31,2806,1717253593,1700659297,5.778,1
41.165.33.16,51.35.80.232,28429,2810,DNS,24,1986,1700398422,1750106235,8.551,0
165.152.229.121,127.87.193.103,52557,37730,HTTPS,31,4092,1716899153,1730364494,2.495,1
76.86.116.105,15.95.166.122,37410,41786,UDP,29,3141,1734688061,1706985481,8.775,1
86.212.26.56,198.0.238.150,26397,36548,DNS,42,4705,1741206558,1744507918,0.289,0
31.133.218.167,122.166.252.125,21851,42819,HTTPS,32,1018,1717155571,1739303209,7.351,1
98.11.236.248,57.80.161.250,34064,34887,UDP,17,3414,1710279977,1707226460,9.338,1
53.198.137.172,169.220.72.140,61378,6392,DNS,14,3253,1720770827,1759883192,6.606,0
145.153.212.219,70.5.83.51,14031,146,TCP,40,939,1724592105,1705506774,4.446,0
190.121.45.63,245.2.80.62,19181,13930,HTTP,36,842,1711504456,1708977914,0.544,1
130.251.53.106,49.75.111.174,33181,24327,UDP,48,3508,1740831618,1705237264,9.209,0
193.50.180.35,109.182.191.64,36339,29992,HTTPS,24,1031,1752006907,1751777467,4.756,1
115.25.28.148,81.194.217.14,36956,47686,UDP,45,3581,1742982514,1745853960,0.387,0
11.39.10.163,100.31.95.127,22188,37334,HTTPS,27,3579,1710347737,1719011185,6.929,0
113.186.38.231,196.145.112.82,15438,60922,UDP,25,851,1724950408,1750524451,4.87,0
227.53.97.54,43.115.162.231,63085,16577,HTTPS,32,92,1706609001,1710048456,1.331,0
111.151.245.149,78.57.32.13,15351,54340,DNS,18,3399,1757868978,1748080335,2.221,1
69.55.32.249,162.188.246.131,49368,39406,TCP,46,1827,1725715215,1744855075,0.738,0
36.238.147.210,216.58.156.82,1970,28465,DNS,18,3251,1742370519,1719230255,5.786,0
227.243.234.80,134.120.224.176,15717,8244,TCP,37,399,1739579377,1756291424,6.258,1
190.250.108.234,168.82.244.192,28265,31602,DNS,26,1617,1747655757,1740906614,5.107,1
226.200.153.193,197.26.79.133,50682,2411,DNS,9,1179,1734915196,1746937182,8.189,1
245.72.200.39,232.12.239.63,31278,1821,UDP,35,3009,1714213506,1728462405,8.624,1
17.128.216.60,190.226.146.203,16564,52117,HTTP,8,3837,1719948769,1722208585,6.195,0
171.103.41.24,80.122.42.201,7743,35290,HTTPS,20,1830,1731140320,1747039823,0.226,1
39.34.130.241,89.147.94.195,42227,59214,HTTPS,42,633,1736148977,1739707715,6.983,0
229.107.171.178,172.150.1.119,26105,51721,HTTPS,22,4577,1703182999,1722909685,4.238,1
222.101.97.11,22.114.56.228,62885,38651,TCP,19,3427,1709514440,1714174101,5.699,0
19.100.43.186,72.6.205.183,12374,62895,HTTPS,30,3451,1724183681,1756822860,6.526,1
251.48.188.16,119.194.113.15,56536,34636,HTTPS,28,3235,1740583878,1724998095,3.567,0
74.56.54.240,247.82.178.209,57833,7466,UDP,35,2244,1728413551,1749790835,9.179,0
47.11.61.79,244.207.71.123,37382,56755,DNS,43,1212,1728019326,1733234685,1.426,1
216.82.7.222,225.112.11.125,33045,32440,HTTPS,11,348,1739345172,1731474949,6.748,0
149.80.214.228,53.74.132.26,43856,27315,HTTP,31,3397,1742505874,1740759705,0.143,0
118.207.197.199,140.144.133.96,29393,44230,HTTPS,49,1989,1733545816,1704528458,9.254,0
25.209.88.11,5.56.155.77,32752,19584,TCP,48,838,1725049902,1733012055,1.214,0
143.58.153.232,69.117.119.58,18600,27156,TCP,39,4995,1734395029,1730900994,1.039,1
109.25.46.31,33.61.49.111,30025,38872,TCP,36,2939,1700850122,1721104435,3.397,0
10.15.198.144,233.18.213.196,63113,62875,HTTPS,30,1427,1713029792,1712779593,3.798,0
151.25.212.85,123.193.221.46,18872,12198,UDP,23,1999,1752904351,1715255164,2.222,1
250.134.13.78,167.195.32.140,1414,29512,HTTP,19,3322,1734284991,1759522747,5.893,1
117.6.136.114,84.181.134.78,23023,15425,HTTPS,12,927,1759241983,1713979901,4.485,1
176.71.241.58,215.13.214.146,46460,48822,UDP,15,3792,1723105620,1717554366,0.438,0
215.220.81.222,128.53.220.247,12593,241,UDP,31,1627,1733460390,1728483392,3.265,0
222.115.166.226,148.28.23.81,14053,52593,HTTPS,43,3189,1735416447,1756648499,8.123,1
146.186.233.102,63.201.104.56,23514,4632,HTTPS,37,2542,1731033811,1716010986,6.928,0
17.13.158.151,136.217.61.156,46899,9600,UDP,37,2805,1711348964,1744970969,7.276,1
227.107.187.44,202.16.65.5,59040,44463,UDP,15,1953,1713129224,1716695033,7.011,0
98.130.36.170,58.68.155.61,36352,61383,UDP,29,1432,1747953688,1755804235,3.179,1
168.217.182.214,169.196.81.217,6891,24659,HTTPS,43,4290,1718782680,1759491725,1.087,0
108.38.14.119,212.168.176.218,16308,37846,UDP,26,2372,1726448146,1747914328,2.797,1
241.3.92.213,177.203.70.250,35003,32575,TCP,44,2606,1754937325,1702321991,8.335,0
153.140.209.160,131.9.97.88,10145,36537,HTTPS,2,1911,1750068499,1705462762,9.807,1
16.236.169.107,35.207.1.123,2563,41911,TCP,20,1916,1720794857,1718453315,4.989,0
126.193.54.226,24.73.165.21,26512,7996,DNS,15,4097,1745439465,1718867867,0.196,0
170.33.157.250,154.170.182.38,18051,25187,HTTPS,4,3225,1735260124,1745658566,1.486,0
247.12.140.17,219.156.238.229,62890,29246,DNS,22,1148,1725102864,1739409545,3.289,1
160.95.226.122,20.218.40.181,9717,22814,UDP,38,1784,1759728763,1747428722,5.828,0
39.45.243.28,148.107.146.83,9945,13277,UDP,23,4713,1717403992,1725940280,0.843,0
190.240.220.61,227.110.65.157,51459,19990,HTTP,26,3466,1711106789,1744897273,9.439,0
245.235.184.15,53.33.149.66,57856,12747,UDP,11,4676,1718539203,1742836195,3.714,1
184.235.238.120,134.206.26.9,11334,44244,DNS,28,730,1706523229,1734081601,9.135,0
10.157.152.254,73.224.95.47,64989,18558,UDP,2,2120,1742925139,1707123801,7.827,1
103.83.132.64,70.232.186.99,57521,28061,HTTPS,8,4874,1703486082,1720559092,7.579,0
222.176.2.172,59.251.1.156,46536,58867,UDP,29,1779,1749457238,1755397169,6.107,1
142.119.157.241,196.64.82.153,31932,6569,HTTP,11,2241,1735105074,1701897465,6.305,1
68.145.189.36,217.9.52.78,5410,35370,UDP,37,717,1743734865,1735817999,6.416,0
153.175.192.180,59.149.178.47,33287,19042,DNS,18,1662,1711498649,1722475701,6.324,1
238.206.72.142,149.122.247.21,29436,6081,DNS,14,730,1702494903,1721442986,5.582,1
49.120.87.195,100.97.157.24,18327,13855,UDP,10,1022,1724566499,1710459177,9.865,0
140.186.249.36,237.27.192.112,13266,56478,DNS,35,2896,1750847679,1730548432,7.35,1
61.228.170.123,45.67.6.48,52515,2160,DNS,9,2182,1750379015,1708536341,7.792,1
198.38.183.62,137.163.82.128,48049,27026,HTTP,35,2513,1724003294,1712417859,8.737,1
46.87.10.61,138.163.72.236,9971,52983,HTTPS,11,2579,1722473124,1725460801,2.235,1
77.225.152.198,46.105.159.31,47738,41082,HTTP,44,2553,1751964396,1753055654,0.93,0
52.3.58.71,6.175.165.144,6954,4369,TCP,12,4972,1716188024,1701119816,4.881,1
148.92.62.53,74.113.26.53,39194,34086,HTTP,3,4442,1704862944,1733537019,5.189,1
117.242.236.109,178.162.243.250,55839,53646,UDP,39,3233,1748642458,1705168949,8.309,0
74.106.225.56,85.126.152.155,60237,27095,HTTPS,14,4083,1733919148,1754302831,4.493,0
218.168.240.249,111.14.131.92,62840,46041,UDP,28,3217,1755659349,1737526801,5.751,1
3.119.5.4,123.72.154.153,49809,1231,TCP,11,3047,1747793791,1721327254,5.318,0
5.53.46.214,147.247.91.16,55451,17518,HTTPS,39,3277,1758964953,1716772468,0.478,0
177.8.98.19,43.120.40.169,1531,23992,DNS,25,2202,1738807519,1731281748,6.191,0
122.240.60.122,178.211.236.167,2460,1302,HTTP,21,1778,1704920791,1736780682,8.298,0
234.162.177.81,39.112.244.150,28175,28611,UDP,10,2074,1755602285,1702470950,1.659,0
62.144.215.2,111.223.179.46,12642,15928,TCP,43,379,1732391010,1756742211,5.984,0
160.226.229.12,63.224.248.109,9774,34679,DNS,15,2536,1725130020,1708789784,5.977,0
120.124.238.88,69.42.175.33,17146,24467,HTTP,19,1205,1717231839,1743014078,1.725,0
73.67.141.100,40.202.60.177,8378,14905,DNS,48,1940,1725061958,1701043423,1.322,0
98.10.104.183,195.61.57.160,45086,40876,HTTP,22,4527,1708015648,1708315308,9.803,1
67.122.219.28,75.15.81.93,32003,26082,HTTPS,21,2235,1749054750,1752849274,3.998,1
137.194.152.225,48.246.137.81,21924,24355,DNS,44,4988,1701310646,1750424537,2.351,1
76.169.8.206,38.126.18.163,14864,27762,DNS,32,2367,1708429948,1746226296,1.796,1
40.24.4.138,187.62.76.247,53798,18301,DNS,23,3671,1714923019,1734272316,6.709,1
187.225.215.123,174.130.201.101,38191,64385,HTTPS,13,4541,1759689994,1704609635,6.134,0
207.37.71.250,65.246.119.90,6061,29492,TCP,5,2561,1758501463,1719576161,6.471,0
133.175.89.145,238.7.178.237,29657,56149,HTTP,4,499,1717669959,1754747528,0.971,1
198.36.59.175,234.208.72.252,25519,60893,DNS,28,1404,1735569183,1719880139,8.946,1
205.27.196.204,134.106.88.38,16872,35526,HTTPS,14,1343,1739396920,1709254404,3.954,0
81.113.39.44,113.187.27.96,37507,26533,TCP,8,2515,1734967717,1728119485,3.202,1
224.61.92.114,182.36.136.81,48669,6465,HTTP,9,3152,1727691349,1740170675,4.677,0
186.66.55.39,56.186.84.1,8861,16563,HTTPS,35,1899,1701330657,1741169919,3.962,1
98.39.90.204,189.57.106.122,35093,41857,HTTP,37,3225,1733477650,1736692309,8.649,0
237.32.5.215,188.229.249.167,8394,55515,DNS,21,4331,1759684467,1704448388,9.3,1
147.79.167.91,164.113.251.106,55361,47893,TCP,18,3249,1747459283,1758849722,3.104,0
97.58.58.47,37.78.91.17,52331,47029,HTTPS,33,1283,1755583927,1724147779,8.653,1
169.12.106.44,98.62.149.138,7435,42512,TCP,8,1487,1732108301,1727277564,7.837,1
89.180.169.99,186.184.204.3,40157,8684,DNS,49,3402,1715434272,1745924616,9.315,0
191.154.165.187,214.134.60.106,31523,32635,TCP,17,4080,1751276809,1714823516,2.533,0
7.132.234.44,54.87.67.219,31249,61,TCP,43,302,1705000783,1733203861,5.812,1
58.248.242.30,207.128.54.2,49241,9270,UDP,31,68,1735883199,1758082714,2.818,1
23.169.137.159,206.165.241.120,1716,63144,TCP,34,2809,1725110847,1728473481,8.259,0
107.180.157.38,129.101.37.84,29950,23066,HTTP,6,272,1753038781,1701594575,0.153,0
159.81.99.1,240.156.132.240,35270,2896,HTTPS,22,52,1721596739,1746797801,5.692,0
206.76.220.11,202.91.20.241,40188,15324,UDP,14,1309,1711475418,1739700092,3.458,1
39.193.223.12,199.194.108.46,9472,12353,HTTPS,3,4999,1745789019,1701732329,3.295,1
46.154.112.232,84.82.34.195,44414,44644,HTTPS,12,4373,1748372348,1752188732,6.485,0
17.103.222.97,69.128.195.139,50617,49738,DNS,36,4644,1716017834,1718172210,8.53,1
188.191.87.108,188.26.55.233,11097,38592,DNS,12,2618,1744638031,1721291273,6.131,1
163.239.69.210,23.152.20.60,36438,30891,UDP,45,1935,1723399482,1718323773,8.546,0
158.198.73.232,63.121.51.87,6233,32017,DNS,2,1349,1710186163,1757730160,2.72,1
224.225.62.155,153.236.54.45,62188,61305,DNS,2,2388,1750384658,1723862148,5.243,0
60.78.221.36,32.54.95.132,7557,11963,DNS,15,1126,1715960724,1728251513,4.56,0
221.21.195.147,36.109.233.176,22085,33303,HTTPS,23,3808,1705805333,1721746117,0.215,1
96.227.241.67,106.57.38.79,8235,19847,UDP,29,3231,1705516552,1729415614,5.612,1
219.191.16.11,97.112.212.60,10951,4012,HTTPS,17,4860,1717684488,1736755322,6.649,0
150.144.137.117,137.5.242.108,12951,64181,HTTP,32,997,1746318024,1700029882,5.96,0
193.21.217.119,35.38.149.168,52821,19783,HTTPS,7,3788,1710884890,1736229950,7.389,0
251.209.49.13,118.4.169.86,25618,2156,HTTP,30,2781,1714192912,1728108142,5.756,1
192.174.28.203,209.75.214.207,10340,55119,TCP,28,4057,1720851627,1709675864,0.761,0
164.250.226.179,195.157.56.126,13201,56482,TCP,14,919,1713979640,1731041722,1.253,0
125.203.6.28,214.200.28.238,11870,39726,HTTP,44,143,1734090796,1712757810,6.005,0
139.32.133.110,165.86.140.159,8957,9197,HTTP,30,3037,1748096263,1701398705,2.822,0
79.159.178.202,46.115.238.111,39268,43460,HTTPS,17,4705,1714311631,1748540668,0.888,1
58.214.25.225,151.44.144.246,47645,21710,HTTP,32,1825,1751234705,1739766147,4.353,1
174.225.28.3,104.84.193.228,41720,64078,UDP,46,2310,1752082300,1740358759,5.588,0
209.98.140.232,134.107.17.93,3104,13328,TCP,6,485,1726788986,1721594746,3.355,1
39.14.118.28,150.245.32.157,7113,57671,TCP,24,4997,1750148864,1723711279,7.232,1
157.74.115.31,209.125.234.159,57572,53856,HTTP,6,4350,1729429963,1750888479,6.473,1
130.174.205.83,170.242.205.121,27147,35475,DNS,27,3194,1719397125,1759368823,3.395,0
22.202.26.194,138.238.251.114,8821,32770,DNS,18,3637,1727899688,1714709426,7.573,1
81.125.235.183,164.161.200.233,51037,41994,HTTP,24,126,1750995126,1740266419,6.522,1
92.220.20.46,28.10.205.166,9370,59826,UDP,37,865,1704139524,1738152009,6.411,0
208.100.186.83,247.46.245.126,20902,24701,DNS,24,817,1726468794,1745331489,5.579,0
6.146.184.196,147.117.142.125,34696,50257,HTTP,38,3735,1727582031,1742772387,0.213,1
131.250.0.57,156.151.71.106,18677,14821,UDP,34,155,1717768209,1705132869,6.995,1
124.165.14.161,253.136.174.32,50580,10892,UDP,40,3966,1756726192,1750120874,3.823,0
189.162.63.240,190.224.18.194,59211,34630,HTTPS,47,2923,1735142481,1725855341,9.432,0
25.23.11.17,74.167.174.233,43766,5270,UDP,15,3396,1751290944,1708762127,8.198,0
15.235.207.26,193.156.177.97,27164,56096,DNS,11,3198,1725114962,1741036858,5.918,0
72.59.173.216,243.140.245.128,2208,43881,DNS,22,3198,1758246581,1741488564,2.597,1
145.92.52.7,162.92.175.238,59114,48468,HTTP,24,1515,1726979772,1748705554,2.117,0
79.26.173.49,205.47.176.244,35517,8321,HTTP,1,2637,1750594178,1707111905,3.47,1
244.198.130.92,64.60.156.38,45172,49590,UDP,18,294,1753962745,1730203352,4.818,1
192.171.180.23,128.87.25.16,25870,53999,TCP,44,2675,1756040472,1713859696,3.031,1
60.121.130.147,71.12.68.25,46849,10741,HTTPS,12,3899,1702042361,1752362536,5.198,0
46.14.152.221,49.194.6.57,23219,35898,TCP,43,1455,1733072822,1701037904,1.737,0
206.198.16.125,49.102.52.192,6630,58566,UDP,28,1031,1750549415,1705634222,9.779,1
236.83.227.8,241.61.16.170,4980,30931,UDP,40,3858,1717887186,1756378589,1.168,1
166.175.248.187,25.250.252.130,17579,57234,TCP,7,191,1720647249,1716381542,9.326,1
63.213.245.244,207.28.116.234,25873,17286,HTTPS,23,942,1722659761,1716654389,9.144,1
117.129.87.71,160.25.123.143,19714,14381,TCP,21,2449,1709034612,1723165622,5.301,1
139.63.204.208,25.53.155.72,59526,11361,HTTP,34,4690,1700187486,1737923678,7.277,0
72.20.17.221,120.55.64.92,60074,5399,DNS,11,3010,1757595424,1758684818,4.417,0
64.81.109.238,249.85.79.168,49873,55831,HTTP,22,2249,1735183214,1709972060,6.337,0
95.165.31.10,243.107.178.117,27371,5530,DNS,42,1519,1732990353,1731326650,3.472,1
45.216.32.251,233.198.205.156,34213,55757,UDP,35,2750,1753719932,1742834752,3.081,1
102.168.135.10,83.146.193.168,39332,29063,HTTPS,29,3055,1716708838,1715176259,5.824,0
214.178.87.40,173.14.130.138,26809,36687,TCP,42,4908,1701733391,1743986459,5.031,0
145.75.120.45,181.173.29.56,50080,17452,HTTPS,28,3424,1725532414,1724420113,5.837,1
160.206.79.53,232.145.178.127,64875,49179,TCP,18,4769,1725260526,1748927001,2.938,0
86.91.147.160,48.193.223.135,33722,6938,HTTP,14,705,1735757093,1708661351,3.733,0
202.167.159.241,22.5.203.238,16990,56417,HTTP,18,2818,1738104488,1725500562,0.931,0
252.96.1.224,185.103.35.78,32121,39887,TCP,28,92,1734717318,1706767414,0.618,1
33.232.204.157,220.115.56.48,16906,49700,HTTPS,24,2361,1737629773,1713315702,2.609,1
161.76.115.153,173.81.65.76,5699,10861,TCP,8,1710,1702929386,1756232827,0.835,0
150.102.193.165,45.245.78.19,42874,25143,UDP,42,4741,1729919038,1714932920,1.127,1
103.89.173.121,192.220.122.233,14033,25280,HTTP,45,2274,1756733039,1729644421,8.148,0
242.142.225.105,221.66.82.2,28867,38107,UDP,8,2160,1748494936,1758585728,0.485,0
119.171.48.103,182.205.63.39,63344,45241,HTTP,4,1007,1753595295,1707013383,6.624,1
203.60.194.122,59.182.61.131,30817,35909,HTTP,27,610,1728183077,1745230048,2.798,1
134.8.5.72,251.59.115.74,40540,40765,DNS,36,1380,1717735317,1750528818,8.728,1
103.222.159.40,122.222.106.95,39895,48258,UDP,5,1362,1746833658,1739168490,4.901,0
114.203.7.71,91.157.234.129,64533,50743,UDP,33,1871,1733623951,1738977876,3.125,0
178.91.61.83,62.48.136.91,18881,14202,DNS,49,3052,1746848819,1740915415,5.225,0
62.110.250.126,159.123.225.60,20651,40545,HTTPS,34,3453,1758169884,1704374296,3.881,1
7.202.83.207,248.206.47.152,62846,37712,UDP,30,4995,1734515087,1738319790,5.687,0
132.133.57.21,164.135.200.249,19589,45655,TCP,8,2701,1715985227,1729154998,1.234,0
154.126.2.126,58.100.111.172,27049,8998,DNS,39,1864,1743139728,1757831103,9.97,0
41.187.105.13,62.38.223.57,53272,40567,UDP,47,1791,1718919140,1752906232,4.313,0
203.209.245.11,244.208.98.228,56822,20176,HTTPS,26,4751,1710608191,1707782634,3.547,1
87.11.140.24,211.191.43.28,28856,50510,UDP,37,3858,1736534106,1727874386,7.131,1
45.242.121.146,59.70.91.8,45140,40861,HTTP,34,2927,1702292056,1721767260,3.703,1
55.237.99.172,127.219.133.156,10806,3226,TCP,7,3320,1708547596,1749080180,8.349,0
136.220.118.52,186.144.143.214,39674,44579,DNS,40,4133,1707122759,1752897161,4.597,0
183.31.50.43,223.130.20.63,62607,59471,HTTP,28,795,1719389111,1732469815,7.224,0
82.197.145.210,90.35.233.228,23390,47683,HTTPS,39,607,1714444292,1728394763,1.164,1
150.36.95.55,245.213.61.169,29581,63319,HTTP,39,3351,1704233384,1737121440,8.477,1
105.58.130.155,76.169.188.12,6822,35229,HTTP,28,991,1746243586,1734001527,7.384,1
202.242.34.188,11.53.15.7,10651,41506,HTTPS,14,4073,1713412066,1728438086,2.196,1
93.181.190.206,104.58.56.39,42207,46689,HTTP,38,2346,1715194144,1706824464,1.538,1
97.134.75.48,237.186.129.93,58587,63657,DNS,4,989,1757700728,1728747708,3.231,0
94.212.158.185,222.203.137.43,13490,51881,UDP,42,1660,1739406805,1719478649,9.763,1
189.23.147.36,139.206.79.80,43638,61079,HTTP,18,1775,1742870321,1709374587,2.643,1
4.219.107.125,218.1.177.139,13744,23111,DNS,44,1034,1757988535,1723377929,4.616,1
20.187.151.49,115.89.22.145,58632,10755,UDP,48,1637,1721227912,1717612574,0.397,0
177.178.95.104,62.223.112.127,42937,56634,UDP,25,4071,1712603880,1743735877,4.033,1
164.249.116.97,62.37.248.238,38316,26656,HTTP,7,1386,1745323185,1718748688,5.756,1
228.65.78.161,195.165.194.221,62101,55583,DNS,38,3187,1714167068,1733056049,9.536,1
164.5.38.169,61.128.221.172,7583,43602,HTTP,28,711,1702873382,1729564708,5.216,0
243.114.185.245,224.155.148.121,41412,3115,HTTPS,5,82,1718167395,1746712017,8.209,0
125.11.130.236,110.12.154.99,20182,26503,UDP,3,3464,1741667756,1717856445,5.517,1
18.39.20.142,135.21.73.230,31940,49769,HTTP,44,1206,1740682512,1751472089,0.504,1
225.98.25.7,181.206.206.131,23081,48129,UDP,31,3176,1750228279,1712012272,3.219,1
100.239.221.86,224.22.118.69,36916,20029,DNS,47,110,1756183009,1730010229,5.798,1
42.171.13.77,216.83.249.100,42463,55566,TCP,42,3978,1748827949,1717971663,9.511,0
2.118.36.68,84.203.160.27,12730,17588,HTTP,20,1593,1741868484,1733221319,8.605,1
166.236.40.61,136.0.164.62,51529,42720,HTTP,19,321,1747679117,1723317207,2.361,0
246.59.124.110,22.69.124.148,61690,35334,UDP,48,4126,1733422146,1718365132,2.279,1
14.247.230.216,96.162.78.4,13094,3175,DNS,11,3438,1754103062,1735788700,2.092,0
84.129.230.69,60.119.45.177,59257,52234,HTTPS,40,2802,1700746470,1706442399,9.233,0
145.122.88.248,176.133.216.55,54030,35399,DNS,3,2759,1746290673,1719380303,8.541,1
28.65.162.228,110.186.247.231,41926,35930,HTTP,23,1204,1759869420,1714569226,7.771,0
5.254.192.167,157.198.103.76,1948,4322,HTTPS,7,4455,1716094140,1750325983,3.988,1
204.183.163.44,230.145.1.7,52346,58014,DNS,23,3903,1740622998,1716274309,5.093,0
151.46.30.138,75.224.181.124,27502,30436,TCP,7,1795,1743515802,1712206970,4.697,0
10.194.117.13,38.175.26.19,6530,45973,UDP,46,3482,1735472949,1704961826,2.609,1
80.201.92.9,140.42.188.30,47442,55422,DNS,34,387,1714378121,1738754080,5.1,1
76.93.104.0,91.223.60.201,63241,7100,DNS,42,59,1753791192,1706636708,0.402,0
133.19.7.170,195.108.90.162,36187,23761,TCP,19,4194,1724049484,1709672204,1.405,0
204.0.56.63,95.142.143.252,25628,11361,HTTP,9,780,1719607311,1733604324,8.877,1
118.211.27.120,13.112.34.243,16334,10314,UDP,48,4940,1703429985,1723250265,7.542,1
107.164.174.228,203.186.148.242,9250,65139,DNS,18,1698,1751643062,1721849453,4.286,1
204.164.48.240,182.202.157.254,12805,46271,HTTPS,41,4278,1754517375,1757362384,5.22,0
120.43.55.155,252.47.244.34,6539,20463,DNS,48,3704,1741958628,1708734143,3.763,1
111.206.133.107,86.165.158.205,52846,5802,UDP,45,2180,1736368700,1740125952,7.434,1
251.188.147.113,152.113.176.223,37157,14131,DNS,42,4521,1725623125,1750086206,7.863,0
78.129.200.254,100.159.182.206,17996,14272,TCP,25,2446,1707058175,1736672545,7.657,1
37.19.25.28,235.185.98.2,33116,16076,DNS,14,4416,1745153141,1706060297,7.254,1
1.118.34.197,208.196.84.124,12434,36920,DNS,44,1556,1754349411,1759928191,2.125,1
229.244.58.68,138.82.24.67,20546,41680,HTTPS,25,2208,1730448840,1709171667,3.446,1
161.240.178.205,61.28.126.18,10119,18985,TCP,19,2966,1758263475,1752554502,4.751,0
12.233.19.180,171.193.73.60,24071,22560,TCP,39,4221,1758767617,1746210871,3.375,1
242.215.250.42,171.152.19.47,21494,60943,DNS,15,3279,1757468383,1720069455,7.574,1
126.225.216.49,211.86.151.138,44153,12862,HTTPS,16,3653,1741787255,1700915108,3.361,1
29.184.38.222,110.225.182.27,9555,33435,DNS,27,1716,1719016881,1732207260,1.468,1
184.238.170.177,197.190.58.132,38062,16668,DNS,40,4474,1729326068,1746966011,4.051,1
151.171.37.83,51.148.11.49,23427,5841,UDP,10,4186,1746152021,1755208971,9.801,1
151.127.125.44,132.245.112.169,43698,61248,UDP,4,3019,1729125802,1719161488,2.336,0
52.79.177.233,212.165.152.13,63060,3566,HTTPS,19,2739,1710347578,1732741167,6.16,0
124.118.7.241,203.31.138.188,30146,43195,HTTP,28,2376,1747515328,1728132051,4.386,0
85.128.246.7,146.154.54.181,17964,20978,UDP,21,2860,1714228944,1753152025,0.803,1
157.95.101.4,210.119.214.74,30855,50618,HTTP,47,2566,1710104587,1701418351,4.93,1
239.85.174.33,21.171.132.86,58198,57474,TCP,14,3521,1756695043,1704917970,7.051,1
193.54.118.217,169.58.254.88,12303,21119,UDP,33,62,1703423604,1703726713,5.181,0
171.201.157.113,233.181.201.149,39244,64804,UDP,48,3020,1756416204,1742537710,8.734,1
210.144.25.135,83.64.63.70,61634,22642,HTTPS,10,3671,1710897502,1759523339,2.96,0
47.231.112.75,4.192.142.103,53743,7367,HTTP,19,3733,1735398780,1733734548,0.954,1
219.71.88.45,204.149.213.241,60424,26637,UDP,30,3523,1700759848,1729439292,9.372,1
196.32.0.146,175.208.92.173,54075,15631,UDP,22,3172,1707100282,1751118649,3.844,0
31.207.141.52,142.177.147.177,7501,20057,HTTPS,3,3514,1726575101,1731910396,5.806,0
48.68.104.89,112.160.118.58,57676,7383,HTTPS,37,702,1730543878,1721825461,7.941,0
190.219.193.241,43.206.11.39,18424,55740,HTTP,41,670,1731952342,1729483553,3.311,0
192.197.62.72,118.19.221.165,7494,16150,TCP,18,3840,1751923671,1716616198,7.19,0
161.168.88.175,131.155.183.89,3086,48640,TCP,11,1695,1758842622,1730798370,1.441,0
13.72.244.76,94.12.204.65,42822,59839,DNS,48,2293,1752624964,1759015438,2.984,1
159.232.202.67,37.176.229.65,60005,46042,UDP,2,4562,1709181252,1726394560,1.533,0
98.124.101.237,36.181.25.74,54497,993,HTTP,12,4809,1701539152,1751584473,8.131,1
132.101.18.197,200.107.167.42,20904,6859,UDP,6,3541,1717601053,1719079906,2.304,1
226.81.140.232,150.147.7.28,35605,2122,HTTP,43,3761,1759113032,1715145496,7.202,1
23.82.108.74,40.217.157.208,45463,27161,HTTP,40,3738,1750688088,1700722153,9.439,1
129.87.253.53,128.83.115.182,56432,45157,HTTP,44,1429,1700841618,1728778554,5.325,1
199.88.212.142,144.173.61.234,15332,51376,UDP,29,4293,1709350351,1703446010,5.446,0
65.75.249.198,7.207.44.186,27051,20907,HTTPS,30,2095,1733272020,1749215310,4.664,0
143.148.146.59,239.183.175.154,31744,19573,UDP,2,3098,1722768449,1748132181,3.326,0
93.216.160.48,181.214.87.254,36105,52390,HTTP,9,1438,1732891145,1706492922,4.809,1
224.240.34.171,73.162.178.211,10730,4137,DNS,47,451,1749789839,1740870277,6.068,0
102.217.10.98,37.233.208.238,51407,61869,TCP,2,2703,1738283556,1719346611,9.861,1
200.109.205.73,223.118.56.7,10861,16728,HTTP,29,4374,1717812556,1703332951,9.384,1
194.173.8.2,207.94.116.221,39623,32168,DNS,33,3973,1711750687,1747821382,8.635,1
85.25.71.47,110.19.123.230,53175,45422,HTTPS,10,317,1741920558,1700311416,8.902,1
194.197.155.116,53.118.11.176,53616,15480,HTTP,34,4271,1733657453,1750469628,4.732,0
221.153.152.11,17.63.41.93,37848,53857,DNS,44,1775,1723858375,1752832860,6.609,0
133.225.47.36,157.146.237.10,34097,31377,HTTP,8,1162,1752343210,1707129343,8.961,0
207.43.227.14,98.177.70.107,48139,4824,UDP,37,2725,1708388817,1713603581,3.99,0
43.175.86.69,58.33.250.19,33112,59621,DNS,33,4834,1708610679,1722612831,9.621,0
46.241.107.122,50.101.215.137,29136,4921,UDP,47,1330,1754138275,1704924191,4.216,1
171.236.20.150,160.51.14.228,27323,19586,UDP,6,1282,1753235209,1713970740,6.051,0
107.246.79.46,84.130.36.125,35481,38240,DNS,44,4426,1730518624,1712809213,7.127,1
117.123.142.24,249.39.71.39,59885,17273,TCP,40,4588,1749673372,1749192004,9.511,1
36.202.50.14,236.55.150.103,31087,26620,DNS,45,1913,1744401924,1734379197,2.522,1
68.20.140.213,139.109.191.135,4941,9534,TCP,19,4982,1747516748,1717684867,7.487,0
19.33.77.124,93.93.55.59,57256,39896,HTTP,32,4534,1705473024,1709782357,5.256,1
196.239.116.51,138.38.27.48,58787,3721,HTTP,27,666,1728173270,1751682065,2.759,1
238.26.156.238,164.124.12.223,3960,19268,DNS,1,196,1732773607,1722824162,7.788,0
156.34.135.143,36.100.25.85,37654,15697,HTTP,43,4666,1700216194,1730272080,5.567,1
106.163.157.145,4.222.81.191,15530,29969,HTTPS,33,4775,1702454082,1723479921,6.644,1
2.176.76.131,166.126.87.126,29829,53365,UDP,40,3727,1706474467,1717767607,3.297,1
90.88.93.202,120.214.21.129,15342,23346,UDP,32,338,1723742626,1737803799,4.865,0
7.94.107.73,31.118.10.219,49092,51568,TCP,5,1459,1737151758,1750095425,6.212,1
39.140.158.70,46.95.189.196,27050,25694,HTTP,17,63,1758727655,1723612300,4.109,1
191.55.240.169,192.229.9.167,28696,61608,TCP,8,306,1722534338,1700587069,2.064,0
189.41.183.35,128.237.151.98,39441,19386,UDP,42,1771,1710584422,1720724277,9.62,0
84.195.117.6,172.111.59.189,53437,18123,UDP,34,1473,1728607313,1753488014,5.164,1
54.128.171.119,87.144.64.246,59532,1365,HTTP,9,3040,1755188810,1756530628,7.366,0
173.105.46.122,223.222.233.56,60237,2709,HTTPS,23,1245,1756463786,1702315138,4.169,0
141.118.149.117,183.105.180.183,51995,65426,HTTPS,35,4609,1749150779,1755880996,3.616,0
21.213.219.136,226.8.21.140,28305,12983,HTTP,7,4415,1740219109,1749633572,4.131,0
26.8.14.9,89.175.17.114,49466,17309,HTTP,15,1294,1701034023,1754747620,4.151,0
216.121.120.124,204.167.144.142,29115,32920,TCP,20,3273,1741731520,1740140674,5.487,0
170.71.151.207,106.14.206.62,51518,25162,HTTP,25,3520,1730156188,1729875646,5.48,0
49.153.90.36,247.166.12.80,39352,57197,HTTPS,3,4217,1742336585,1700549666,5.022,1
68.49.151.18,32.136.39.147,49243,50065,HTTP,46,4019,1717077979,1703983027,1.434,0
100.59.166.201,218.218.212.81,19634,35090,TCP,24,1356,1726221432,1741230294,5.011,0
89.145.146.163,77.207.200.190,2103,13866,TCP,34,2171,1703849182,1726332571,1.774,0
202.224.182.241,76.171.37.210,30874,496,TCP,46,2452,1728611730,1741901563,1.349,1
69.174.48.226,188.70.248.226,47775,44756,TCP,22,546,1732084226,1755936733,9.333,0
108.225.160.118,48.17.143.182,21614,2149,DNS,11,3449,1718341674,1745827857,6.089,0
149.208.149.175,39.195.186.88,56456,33325,HTTP,48,3656,1707919584,1704782969,6.629,1
37.142.162.219,224.61.231.140,31975,13394,UDP,8,959,1726832808,1757407731,4.078,0
199.159.10.137,109.80.240.228,16351,1553,HTTP,39,422,1737796586,1755104931,9.099,1
201.77.76.252,134.210.76.248,13779,51273,DNS,43,4507,1735132018,1728301216,6.416,1
185.253.152.1,188.89.13.94,61147,35854,TCP,35,1394,1704474220,1750310079,7.715,0
64.34.6.84,54.131.251.38,60896,52657,DNS,49,373,1708736857,1702059417,3.749,1
146.66.41.117,72.24.76.159,8259,32925,HTTPS,46,2481,1729795023,1741351983,9.604,0
125.166.168.240,187.229.190.165,18221,8927,HTTPS,38,4720,1700986275,1707794087,8.223,0
203.230.23.187,120.219.52.221,63736,30852,HTTP,8,4881,1749965139,1737742864,8.554,1
46.18.67.217,195.155.130.236,22497,23890,HTTP,37,2834,1734964556,1752740007,1.805,1
102.41.31.166,246.225.207.149,3055,39931,UDP,27,2443,1752863648,1721587590,2.783,0
109.237.35.231,96.252.165.199,42306,54676,UDP,28,3970,1726780164,1718609976,2.928,0
229.96.163.130,247.71.61.184,61337,56696,HTTPS,40,1265,1703394020,1752774015,2.782,1
73.135.96.122,6.205.31.98,42887,8056,TCP,34,1745,1709860685,1730283124,8.569,0
70.168.230.195,138.130.186.75,59909,4655,DNS,32,1957,1717587802,1732102967,0.416,0
13.48.59.129,177.58.30.92,15311,22635,UDP,15,4864,1758084950,1757178749,0.853,0
188.4.171.26,69.189.51.88,39703,32364,UDP,44,830,1749562381,1749748126,2.812,1
160.148.7.229,127.168.30.253,45487,63753,TCP,17,1069,1731471719,1731227450,2.079,0
200.49.66.245,213.249.83.230,33254,11469,TCP,33,3315,1709817539,1736093497,2.395,0
44.124.57.2,127.149.131.12,20061,56399,HTTP,47,1453,1751931474,1746731915,8.0,0
86.69.129.214,45.126.169.113,28076,32923,DNS,46,1476,1731380142,1727322543,5.675,1
172.1.101.208,177.19.243.204,4364,40719,TCP,16,713,1728026421,1714989214,0.157,1
35.97.214.29,81.181.163.224,41668,48092,UDP,29,2697,1751680131,1718803307,4.35,1
116.7.149.43,129.142.204.16,49688,17381,UDP,9,60,1746253533,1731695058,4.138,0
186.35.196.76,152.57.71.241,46227,26871,HTTPS,33,1088,1726324690,1759910590,1.228,1
221.30.46.248,219.108.22.173,2165,37395,TCP,49,2875,1700981598,1712489289,6.794,0
55.207.105.189,72.7.58.217,26449,52058,HTTP,29,3053,1754374622,1703731622,7.051,1
158.120.54.143,111.186.12.166,58734,14260,DNS,13,4730,1759526152,1747466955,7.237,0
12.144.143.139,229.240.155.216,20305,14874,HTTP,21,1125,1709348148,1724562579,7.312,1
136.211.2.143,189.15.118.1,43073,13017,UDP,21,3138,1731684301,1748860516,0.101,0
30.236.22.91,246.209.254.144,21449,42138,HTTP,5,1839,1711576635,1709104687,9.544,0
115.103.117.4,30.102.12.95,35830,154,UDP,10,3086,1759461421,1713595880,8.161,1
212.103.247.107,242.220.237.93,61228,7854,UDP,6,4888,1741974581,1736642118,9.049,0
65.120.29.148,82.12.170.212,33137,12380,UDP,13,3703,1716064329,1700954227,0.255,1
84.197.149.209,94.148.111.54,5294,15793,UDP,1,3225,1742418799,1712832377,9.345,1
200.230.31.160,81.167.210.115,43838,55634,UDP,20,4349,1736398942,1744578506,8.117,0
245.15.203.37,143.200.179.201,5707,38368,HTTPS,47,1126,1704323492,1730691270,8.388,0
244.225.252.141,108.222.52.214,50670,18101,HTTP,46,1023,1716985366,1737626908,1.024,1
36.224.150.113,128.179.157.160,40908,60547,HTTPS,8,1915,1719350554,1746432969,7.414,1
237.65.104.84,57.51.136.181,30833,47554,HTTPS,10,3175,1733322053,1745964380,9.603,1
2.218.248.200,111.0.43.226,61550,63457,TCP,9,1349,1701858777,1721605192,6.818,0
193.74.66.179,75.97.207.8,35576,11050,TCP,49,3456,1706510529,1736952931,5.749,1
190.150.153.195,32.14.139.224,53686,787,TCP,41,1208,1717257836,1733612463,9.462,0
210.54.5.162,237.205.248.184,4810,4369,DNS,3,3179,1704935500,1731334729,4.485,0
150.170.142.85,136.71.154.189,22674,30700,TCP,11,154,1733542066,1741813714,6.033,1
60.100.243.233,12.64.106.231,29730,57249,HTTP,12,3617,1730852401,1710306743,4.816,1
12.238.48.41,42.189.114.138,10214,47692,HTTPS,10,4398,1704863099,1702451550,9.335,0
166.81.172.34,103.170.94.16,39220,37041,HTTP,25,4440,1738473746,1702081552,0.853,0
158.215.233.157,225.159.249.220,40473,52920,TCP,49,1231,1723770368,1732049800,5.061,0
206.133.66.79,213.84.167.150,40685,27455,DNS,49,4694,1722973735,1746479712,6.901,0
7.179.13.72,56.133.85.177,30733,57987,DNS,25,3188,1701122207,1731873953,7.94,1
143.148.162.65,102.164.236.191,46453,38763,HTTPS,11,4444,1759544597,1731921068,5.872,0
91.129.162.209,243.53.199.232,15916,23601,HTTP,36,3584,1719468143,1730120919,9.098,1
206.19.209.9,177.226.114.138,10667,29239,UDP,39,4246,1753367772,1731225096,9.426,1
25.193.24.252,88.48.148.114,10967,25242,HTTP,26,3177,1727748801,1740865414,0.737,1
54.32.163.94,194.62.103.82,44264,19811,TCP,14,1824,1733981989,1717955858,4.083,0
14.64.109.79,103.155.250.16,46784,20168,UDP,39,3864,1710204207,1705381862,0.332,0
54.237.124.179,6.146.183.229,22066,21812,DNS,40,141,1711586122,1757936517,3.361,1
131.226.168.133,28.193.37.118,57258,39780,HTTPS,1,496,1718942672,1741534065,5.415,1
25.140.116.225,37.114.243.67,44918,57205,HTTPS,4,158,1750697398,1715233162,9.117,1
136.148.225.195,214.217.176.42,7893,20086,DNS,30,4462,1741072050,1711030140,8.481,1
25.78.67.172,164.57.12.51,62102,46855,TCP,12,3289,1747831146,1716210635,1.362,0
188.11.31.127,58.31.208.104,57783,9262,DNS,35,4103,1741321659,1754443580,1.021,1
96.91.140.30,228.246.187.237,41461,18734,TCP,13,4587,1750815751,1710019577,5.934,0
78.19.145.220,83.185.251.98,45330,39780,UDP,31,1295,1733373269,1701734441,5.368,0
60.190.133.159,238.103.183.250,43857,56208,DNS,38,2770,1702152259,1751584524,2.737,0
93.42.253.129,28.128.169.209,56395,29080,TCP,43,327,1727785034,1729650827,9.005,0
60.150.210.30,48.39.96.190,21942,33981,UDP,23,3106,1703390919,1744636414,9.281,1
243.4.210.161,204.199.215.207,29403,56118,DNS,4,4714,1743648136,1741491540,4.086,0
10.88.129.125,114.131.165.235,56155,14142,HTTPS,16,2972,1756973145,1702960841,8.914,1
11.177.252.158,155.136.110.143,43963,9345,DNS,7,2563,1757744257,1724522289,3.901,0
56.206.200.214,184.75.30.215,26298,39473,HTTP,22,888,1740585551,1714115491,7.394,1
83.136.98.148,119.141.236.24,18720,15897,DNS,29,2851,1738009669,1736147291,4.812,1
73.155.189.237,34.66.249.151,3986,23818,HTTP,11,79,1705871348,1707992388,1.314,1
115.6.79.143,254.117.233.72,14875,29814,UDP,33,1307,1735933652,1722544420,9.287,1
252.96.3.3,26.147.191.103,53114,18896,DNS,29,414,1703519065,1724473340,4.596,1
103.39.16.100,10.210.66.151,46771,144,UDP,39,1850,1723737914,1735473147,7.371,0
103.123.51.220,5.194.185.26,60668,10682,UDP,12,954,1735338642,1757186443,3.735,1
52.163.123.165,208.112.14.162,53373,7368,TCP,7,4843,1738752795,1708880121,0.287,0
231.177.62.228,204.104.180.43,6320,3229,UDP,39,2228,1707341127,1735732322,1.095,1
116.190.61.252,26.174.161.214,57380,4583,UDP,42,2900,1702463501,1712918652,5.013,0
227.6.154.91,95.177.83.139,15769,13148,DNS,48,2886,1726910743,1716312999,6.931,0
214.13.198.228,215.131.86.175,6754,11398,DNS,26,4496,1742971759,1746267957,3.414,0
253.85.132.253,183.111.128.245,14945,38800,HTTPS,40,229,1709975595,1754599553,6.985,1
183.129.61.218,89.65.157.130,33918,37012,TCP,9,3923,1732992740,1719952817,7.016,0
149.245.229.78,122.148.216.83,6626,13648,UDP,41,4010,1736373559,1701740584,7.069,1
149.137.214.57,177.115.213.212,18599,27719,TCP,34,1236,1706779865,1719994412,4.976,1
120.166.132.64,190.252.224.115,20047,44265,HTTP,45,4009,1738580446,1730173030,9.157,0
13.212.217.241,38.252.142.249,46373,42318,UDP,13,823,1718710135,1745809257,4.943,0
237.212.180.81,250.109.179.206,62284,47915,TCP,36,4655,1723027890,1738805640,4.558,1
229.172.159.163,46.24.20.215,17021,19098,HTTPS,25,4510,1744092191,1758857661,2.074,1
209.226.240.187,121.121.132.69,18774,36954,HTTPS,24,402,1710254769,1723844479,3.146,1
139.190.148.51,113.106.111.107,43003,58702,UDP,44,4557,1724397736,1725286997,0.519,1
183.116.25.253,47.214.195.90,23861,45255,HTTP,17,4880,1731163841,1750378286,6.372,1
196.33.51.111,18.148.219.226,16021,40097,HTTPS,2,3078,1731193579,1738998987,2.561,1
252.81.231.226,214.103.150.191,40463,53786,HTTPS,13,167,1758983612,1734716928,3.111,0
233.220.179.156,195.39.241.137,24091,52345,HTTP,31,531,1724761921,1758568491,7.731,1
166.41.20.41,89.179.240.199,46063,49453,TCP,29,4337,1726293184,1729007653,3.339,1
141.112.104.191,247.202.60.191,62882,17108,HTTPS,28,2687,1715565219,1737705970,2.498,0
17.119.136.168,5.121.236.180,21947,54847,DNS,27,156,1708731896,1741330450,1.774,0
129.129.59.47,55.36.55.186,9900,3011,HTTPS,15,4527,1735556939,1735659471,7.771,0
29.96.9.241,237.101.92.196,61997,5556,TCP,31,4928,1702652808,1752396446,1.384,1
58.187.231.20,73.58.239.1,3911,68,TCP,40,293,1712260515,1753182066,4.592,0
28.202.246.33,193.103.187.50,64747,28413,UDP,15,2682,1713692648,1736674242,5.119,0
8.186.213.199,30.10.219.107,43446,44954,DNS,33,4613,1714952923,1730433622,6.905,1
177.78.144.187,76.166.89.204,37878,51659,TCP,20,915,1716203557,1734376361,6.37,1
87.87.172.210,123.199.190.191,52437,34306,HTTP,42,3031,1755109024,1706647162,8.126,1
69.159.171.192,189.124.181.219,37972,49550,DNS,12,1611,1710877097,1721687889,0.543,1
87.100.7.76,122.93.200.102,3865,62060,DNS,37,653,1757698477,1758178188,3.035,0
200.248.86.42,223.185.212.183,60135,11550,HTTP,9,3112,1751689941,1703772217,2.873,1
129.108.178.151,239.161.246.30,29780,5681,HTTPS,23,4068,1735465560,1748754833,1.546,0
227.151.16.132,52.88.75.128,7064,25740,HTTP,8,2065,1728850620,1735582274,2.963,1
148.20.231.57,183.21.39.100,53736,21210,HTTP,32,1708,1738310929,1721989497,3.167,0
159.109.227.138,111.128.64.248,11328,41516,HTTPS,48,3430,1705133381,1734288891,5.267,1
180.142.210.134,191.233.181.169,31365,22433,HTTPS,14,3817,1754117713,1707718742,6.671,1
243.27.50.234,149.78.208.21,5782,15117,HTTPS,27,3820,1738402675,1727553666,3.873,1
186.4.4.93,166.98.236.207,18034,20046,HTTPS,25,1663,1719202574,1732495926,7.223,0
246.95.7.63,8.189.174.16,62527,26328,HTTPS,13,1929,1712132015,1702306648,3.428,0
138.37.110.223,17.245.89.140,61782,35710,HTTP,21,4158,1741200071,1753121498,2.974,0
112.219.80.222,145.165.80.239,32682,43618,UDP,45,2396,1703917430,1753035582,5.458,1
136.103.152.72,78.172.5.162,50026,60140,UDP,31,1149,1743794619,1745560154,0.335,0
194.206.177.194,110.13.238.71,38806,26906,TCP,37,1124,1731423484,1750023219,0.89,1
49.35.125.67,189.142.53.252,2399,64149,UDP,48,836,1713628984,1725474534,4.238,1
78.104.168.216,27.12.240.158,34973,7068,UDP,43,198,1759394758,1754873560,9.435,1
122.118.189.254,245.247.162.59,23116,32560,HTTP,5,1804,1752437425,1737458301,7.243,0
114.9.148.163,6.196.213.57,1514,54244,HTTPS,13,2219,1705544223,1755702807,0.972,1
140.90.231.1,49.150.216.161,4753,42920,HTTPS,28,3806,1728694421,1712664903,8.479,0
118.12.180.159,26.46.4.217,6998,17986,HTTP,43,1229,1712992054,1752783624,7.35,1
95.143.31.31,20.133.197.58,53710,27370,UDP,25,3359,1752722162,1716018797,6.148,1
124.225.10.9,192.241.145.131,20704,17865,HTTP,35,2473,1739497144,1736752292,8.221,1
15.16.167.145,17.248.13.205,19348,22615,TCP,47,4227,1731811340,1710740829,4.101,0
183.200.152.231,13.134.127.43,62776,58447,HTTPS,39,4637,1701171758,1733510772,2.293,0
59.77.123.249,119.142.18.62,32358,52429,DNS,7,974,1745633622,1755011666,5.169,1
217.113.21.243,235.238.235.162,22422,47895,TCP,38,1653,1716702269,1702780596,5.534,0
158.211.212.171,81.162.146.147,35674,64849,TCP,32,3102,1705276085,1704040015,5.429,0
32.178.173.112,100.162.159.121,22316,15614,HTTP,3,4268,1724226332,1704870807,5.694,1
120.148.226.121,176.43.103.151,36779,6448,UDP,45,4853,1707185180,1753569003,9.492,1
32.221.118.38,61.124.144.70,39377,5500,HTTPS,39,2427,1751274287,1750454420,9.032,0
241.11.232.174,107.49.64.98,4183,39042,DNS,37,3530,1708023556,1720854627,8.77,1
18.148.140.253,32.163.140.197,33650,31316,TCP,22,3232,1726157817,1755803943,8.034,1
149.125.135.45,58.127.141.164,63790,1300,DNS,8,2867,1747486626,1749210726,9.44,0
104.237.134.150,112.206.238.253,30375,54971,UDP,17,3210,1743453942,1706957038,1.075,0
236.223.202.85,68.39.186.207,38322,39470,UDP,27,4855,1755503314,1742920509,2.725,1
150.234.88.21,220.143.189.131,18089,4995,DNS,33,4939,1723876708,1722533373,5.001,0
92.28.12.209,173.89.27.95,22662,29879,HTTPS,46,761,1727614790,1743250629,8.481,0
2.28.212.206,237.193.30.2,2097,15628,UDP,17,2636,1728662434,1729162052,5.101,1
180.26.49.94,246.135.23.14,47535,61224,DNS,42,2698,1711138188,1726631565,7.506,1
207.242.150.87,171.158.200.230,19795,7490,TCP,12,1767,1746239881,1707356148,1.476,1
44.204.21.170,45.193.7.70,60762,26112,DNS,48,4402,1710207809,1742649452,2.599,1
165.188.96.183,248.107.114.102,36485,32356,DNS,46,920,1732092869,1716304297,7.345,0
3.190.117.18,234.124.56.207,43354,8270,HTTP,27,3624,1730261475,1719578545,1.731,0
23.156.29.38,227.29.201.229,30344,2832,UDP,48,4954,1718057496,1733395388,3.578,1
108.110.24.127,146.113.196.116,5364,44371,HTTPS,8,320,1757789099,1740079870,2.722,1
229.110.135.105,221.166.59.97,35948,51874,HTTPS,23,1593,1755878459,1714370051,3.564,1
186.143.71.128,171.125.172.150,17208,11820,HTTP,42,599,1723904686,1714885447,7.112,1
108.4.2.192,197.93.133.183,41758,50685,HTTPS,49,4713,1731138855,1759012055,3.742,0
132.103.226.223,122.252.237.107,3604,24814,DNS,29,4064,1753181958,1708577482,5.597,0
64.105.97.234,4.92.150.5,41049,21638,HTTP,20,4504,1720793005,1730980624,1.089,1
217.9.148.127,32.105.145.14,29991,1997,TCP,16,1762,1738540950,1740777585,8.07,1
46.230.218.154,168.121.95.200,3183,54464,UDP,17,3290,1759311314,1716414776,3.762,0
66.168.111.12,229.201.211.5,49964,44388,UDP,16,1412,1737282093,1757059545,6.52,0
137.243.163.85,112.119.122.190,14924,49430,UDP,19,4943,1710064981,1738988394,7.281,0
234.89.57.53,67.105.138.42,12464,3090,DNS,8,1334,1701279372,1731671087,2.176,0
12.208.205.13,145.95.131.190,15702,33292,TCP,38,936,1737649660,1732702379,8.858,1
121.161.180.120,196.80.40.210,62099,20660,HTTP,38,2308,1730175764,1734028250,6.201,0
20.74.143.242,133.159.213.247,48228,45179,HTTP,29,4432,1714172928,1747466959,4.344,0
223.246.69.55,198.34.21.192,13045,54518,UDP,41,1835,1705767034,1753367513,1.905,0
211.100.185.131,212.149.111.246,7796,30430,TCP,36,4888,1708837010,1720660640,9.429,1
111.124.131.19,11.204.250.233,2651,15733,TCP,26,3593,1758434940,1712825630,7.575,1
138.23.245.226,3.136.59.75,45456,19507,TCP,31,345,1702449851,1759437423,2.159,0
154.36.229.212,87.13.224.17,9243,40936,HTTPS,44,2103,1706507552,1753563013,3.443,0
54.231.102.148,113.250.232.72,24488,5191,HTTPS,12,2647,1730118147,1706766699,8.116,1
202.37.173.3,23.201.82.124,52161,4576,UDP,17,730,1742224873,1754159943,6.987,1
188.56.172.19,175.68.46.115,31256,40496,TCP,15,4940,1749989122,1718502049,7.681,0
17.118.70.3,215.29.24.155,62521,48147,TCP,9,4348,1751867482,1725753195,4.468,1
221.13.2.215,226.236.247.111,43505,34566,HTTP,39,374,1735996979,1708193421,7.193,0
229.79.185.54,239.24.73.205,9512,34900,HTTP,42,2341,1701236968,1739419151,3.926,1
244.131.119.253,234.248.237.57,35973,23707,UDP,48,4472,1703078882,1710302122,2.192,0
24.161.157.81,94.118.126.168,45386,47669,TCP,12,1036,1726925851,1725828467,6.364,0
147.158.187.59,25.77.98.115,52472,64107,UDP,32,3168,1751852741,1737318472,9.763,1
147.48.62.109,48.225.9.98,40956,22885,HTTP,25,810,1735542454,1722888009,3.175,0
211.149.151.108,203.10.84.148,20005,17200,HTTP,39,3743,1738836024,1706553855,4.664,1
76.29.57.229,214.172.134.246,1925,60039,HTTPS,18,1086,1757868029,1753992528,6.773,1
117.158.99.191,209.191.125.63,23468,57787,UDP,15,956,1716040416,1742150667,5.461,1
19.175.172.227,2.75.120.41,43082,44101,UDP,32,414,1728218511,1722559871,8.45,0
94.182.112.182,210.53.250.74,19085,39435,TCP,6,3463,1716273406,1720423493,7.641,0
225.145.62.115,16.240.242.17,3905,49295,TCP,44,1119,1758742807,1718369426,0.677,0
113.250.219.250,227.244.186.89,30887,12480,HTTPS,43,4419,1703193796,1702918634,9.984,1
47.202.56.251,144.5.184.107,46850,34179,DNS,35,2305,1708482216,1706562344,7.549,0
118.44.160.144,235.174.238.47,6646,12666,DNS,34,3736,1711668300,1707401628,8.653,0
198.3.147.239,42.75.187.76,58228,64069,DNS,38,4269,1725134254,1720661701,6.547,0
47.218.142.197,132.230.245.129,2402,535,UDP,5,3131,1725452363,1752322874,8.577,0
47.77.123.74,218.58.154.26,18656,26293,UDP,18,3308,1726757444,1709818968,1.213,1
103.136.89.143,79.254.71.6,29335,36133,HTTP,16,2157,1756870756,1700829119,3.543,0
69.248.243.60,191.110.118.173,6674,50185,UDP,8,2983,1727219614,1732658904,8.777,1
138.49.2.204,63.231.123.11,46225,36111,UDP,25,2879,1703049307,1710286479,2.096,1
107.112.93.253,141.253.42.16,56255,58755,UDP,32,491,1756874331,1744433999,0.875,1
118.236.197.80,63.252.208.119,43248,63581,HTTPS,26,1609,1746465821,1701054853,7.902,1
251.108.50.244,36.212.7.68,60275,22470,UDP,22,1791,1727729937,1705042596,8.371,0
147.169.34.45,90.207.35.27,8060,64017,TCP,31,675,1729859883,1706424788,1.71,0
154.242.68.92,118.92.174.75,40279,46234,TCP,43,3913,1702801818,1703386243,8.558,0
64.164.211.48,101.157.150.143,64236,37269,HTTP,10,1740,1722696802,1758456545,6.899,1
149.73.191.4,14.201.70.236,51234,64328,HTTPS,12,2831,1720822937,1743712859,5.249,0
100.69.89.3,180.123.124.36,61117,1173,TCP,28,140,1718640248,1742229925,8.319,1
126.230.38.241,29.194.142.227,52224,58233,HTTPS,6,3056,1738499046,1736999515,4.251,0
163.128.23.56,175.173.179.18,23523,27915,HTTPS,20,4352,1741406448,1715444816,2.021,0
100.69.40.181,205.105.20.63,38040,20902,HTTP,5,1138,1724551282,1738531469,2.92,0
174.59.107.187,165.26.54.243,52652,40776,HTTPS,23,4661,1741424699,1748669254,5.101,1
57.30.83.151,29.147.24.69,62384,34410,UDP,9,1230,1753421457,1715997653,5.36,0
217.35.212.157,63.163.129.149,5627,49624,HTTPS,29,1951,1741373920,1701535410,8.075,1
152.107.105.157,224.15.145.196,28797,19325,HTTP,16,4540,1727390168,1700349760,7.934,1
86.219.134.162,182.99.29.44,62954,8739,HTTP,46,236,1747967799,1731390940,5.856,1
183.219.13.119,19.214.33.140,20961,37495,HTTP,22,1647,1713463582,1707490526,7.83,0
138.79.143.181,171.61.117.220,13656,44558,TCP,8,3458,1701378148,1726905373,1.999,0
223.105.216.204,100.21.179.179,31631,24055,UDP,20,3797,1736598842,1759956920,0.596,1
